Copyright 1986-2022 Xilinx, Inc. All Rights Reserved. Copyright 2022-2025 Advanced Micro Devices, Inc. All Rights Reserved.
---------------------------------------------------------------------------------------------------------------------------------------------------------------------------------------------------------------------------------------
| Tool Version : Vivado v.2025.2 (lin64) Build 6299465 Fri Nov 14 12:34:56 MST 2025
| Date         : Thu May 21 19:01:03 2026
| Host         : arch running 64-bit Arch Linux
| Command      : report_timing_summary -max_paths 10 -routable_nets -report_unconstrained -file led_blink_timing_summary_routed.rpt -pb led_blink_timing_summary_routed.pb -rpx led_blink_timing_summary_routed.rpx -warn_on_violation
| Design       : led_blink
| Device       : 7z020-clg400
| Speed File   : -2  PRODUCTION 1.12 2019-11-22
| Design State : Routed
---------------------------------------------------------------------------------------------------------------------------------------------------------------------------------------------------------------------------------------

Timing Summary Report

------------------------------------------------------------------------------------------------
| Timer Settings
| --------------
------------------------------------------------------------------------------------------------

  Enable Multi Corner Analysis               :  Yes
  Enable Pessimism Removal                   :  Yes
  Pessimism Removal Resolution               :  Nearest Common Node
  Enable Input Delay Default Clock           :  No
  Enable Preset / Clear Arcs                 :  No
  Disable Flight Delays                      :  No
  Ignore I/O Paths                           :  No
  Timing Early Launch at Borrowing Latches   :  No
  Borrow Time for Max Delay Exceptions       :  Yes
  Merge Timing Exceptions                    :  Yes
  Inter-SLR Compensation                     :  Conservative

  Corner  Analyze    Analyze    
  Name    Max Paths  Min Paths  
  ------  ---------  ---------  
  Slow    Yes        Yes        
  Fast    Yes        Yes        


------------------------------------------------------------------------------------------------
| Report Methodology
| ------------------
------------------------------------------------------------------------------------------------

Rule       Severity  Description                    Violations  
---------  --------  -----------------------------  ----------  
TIMING-18  Warning   Missing input or output delay  2           

Note: This report is based on the most recent report_methodology run and may not be up-to-date. Run report_methodology on the current design for the latest report.



check_timing report

Table of Contents
-----------------
1. checking no_clock (0)
2. checking constant_clock (0)
3. checking pulse_width_clock (0)
4. checking unconstrained_internal_endpoints (0)
5. checking no_input_delay (1)
6. checking no_output_delay (1)
7. checking multiple_clock (0)
8. checking generated_clocks (0)
9. checking loops (0)
10. checking partial_input_delay (0)
11. checking partial_output_delay (0)
12. checking latch_loops (0)

1. checking no_clock (0)
------------------------
 There are 0 register/latch pins with no clock.


2. checking constant_clock (0)
------------------------------
 There are 0 register/latch pins with constant_clock.


3. checking pulse_width_clock (0)
---------------------------------
 There are 0 register/latch pins which need pulse_width check


4. checking unconstrained_internal_endpoints (0)
------------------------------------------------
 There are 0 pins that are not constrained for maximum delay.

 There are 0 pins that are not constrained for maximum delay due to constant clock.


5. checking no_input_delay (1)
------------------------------
 There is 1 input port with no input delay specified. (HIGH)

 There are 0 input ports with no input delay but user has a false path constraint.


6. checking no_output_delay (1)
-------------------------------
 There is 1 port with no output delay specified. (HIGH)

 There are 0 ports with no output delay but user has a false path constraint

 There are 0 ports with no output delay but with a timing clock defined on it or propagating through it


7. checking multiple_clock (0)
------------------------------
 There are 0 register/latch pins with multiple clocks.


8. checking generated_clocks (0)
--------------------------------
 There are 0 generated clocks that are not connected to a clock source.


9. checking loops (0)
---------------------
 There are 0 combinational loops in the design.


10. checking partial_input_delay (0)
------------------------------------
 There are 0 input ports with partial input delay specified.


11. checking partial_output_delay (0)
-------------------------------------
 There are 0 ports with partial output delay specified.


12. checking latch_loops (0)
----------------------------
 There are 0 combinational latch loops in the design through latch input



------------------------------------------------------------------------------------------------
| Design Timing Summary
| ---------------------
------------------------------------------------------------------------------------------------

    WNS(ns)      TNS(ns)  TNS Failing Endpoints  TNS Total Endpoints      WHS(ns)      THS(ns)  THS Failing Endpoints  THS Total Endpoints     WPWS(ns)     TPWS(ns)  TPWS Failing Endpoints  TPWS Total Endpoints  
    -------      -------  ---------------------  -------------------      -------      -------  ---------------------  -------------------     --------     --------  ----------------------  --------------------  
     17.928        0.000                      0                   26        0.251        0.000                      0                   26        9.500        0.000                       0                    27  


All user specified timing constraints are met.


------------------------------------------------------------------------------------------------
| Clock Summary
| -------------
------------------------------------------------------------------------------------------------

Clock  Waveform(ns)       Period(ns)      Frequency(MHz)
-----  ------------       ----------      --------------
clk    {0.000 10.000}     20.000          50.000          


------------------------------------------------------------------------------------------------
| Intra Clock Table
| -----------------
------------------------------------------------------------------------------------------------

Clock             WNS(ns)      TNS(ns)  TNS Failing Endpoints  TNS Total Endpoints      WHS(ns)      THS(ns)  THS Failing Endpoints  THS Total Endpoints     WPWS(ns)     TPWS(ns)  TPWS Failing Endpoints  TPWS Total Endpoints  
-----             -------      -------  ---------------------  -------------------      -------      -------  ---------------------  -------------------     --------     --------  ----------------------  --------------------  
clk                17.928        0.000                      0                   26        0.251        0.000                      0                   26        9.500        0.000                       0                    27  


------------------------------------------------------------------------------------------------
| Inter Clock Table
| -----------------
------------------------------------------------------------------------------------------------

From Clock    To Clock          WNS(ns)      TNS(ns)  TNS Failing Endpoints  TNS Total Endpoints      WHS(ns)      THS(ns)  THS Failing Endpoints  THS Total Endpoints  
----------    --------          -------      -------  ---------------------  -------------------      -------      -------  ---------------------  -------------------  


------------------------------------------------------------------------------------------------
| Other Path Groups Table
| -----------------------
------------------------------------------------------------------------------------------------

Path Group    From Clock    To Clock          WNS(ns)      TNS(ns)  TNS Failing Endpoints  TNS Total Endpoints      WHS(ns)      THS(ns)  THS Failing Endpoints  THS Total Endpoints  
----------    ----------    --------          -------      -------  ---------------------  -------------------      -------      -------  ---------------------  -------------------  


------------------------------------------------------------------------------------------------
| User Ignored Path Table
| -----------------------
------------------------------------------------------------------------------------------------

Path Group    From Clock    To Clock    
----------    ----------    --------    


------------------------------------------------------------------------------------------------
| Unconstrained Path Table
| ------------------------
------------------------------------------------------------------------------------------------

Path Group    From Clock    To Clock    
----------    ----------    --------    
(none)        clk                         
(none)                      clk           


------------------------------------------------------------------------------------------------
| Timing Details
| --------------
------------------------------------------------------------------------------------------------


---------------------------------------------------------------------------------------------------
From Clock:  clk
  To Clock:  clk

Setup :            0  Failing Endpoints,  Worst Slack       17.928ns,  Total Violation        0.000ns
Hold  :            0  Failing Endpoints,  Worst Slack        0.251ns,  Total Violation        0.000ns
PW    :            0  Failing Endpoints,  Worst Slack        9.500ns,  Total Violation        0.000ns
---------------------------------------------------------------------------------------------------


Max Delay Paths
--------------------------------------------------------------------------------------
Slack (MET) :             17.928ns  (required time - arrival time)
  Source:                 gen_cnt.i_cnt/cntr_reg[0]/C
                            (rising edge-triggered cell FDCE clocked by clk  {rise@0.000ns fall@10.000ns period=20.000ns})
  Destination:            gen_cnt.i_cnt/cntr_reg[25]/D
                            (rising edge-triggered cell FDCE clocked by clk  {rise@0.000ns fall@10.000ns period=20.000ns})
  Path Group:             clk
  Path Type:              Setup (Max at Slow Process Corner)
  Requirement:            20.000ns  (clk rise@20.000ns - clk rise@0.000ns)
  Data Path Delay:        2.074ns  (logic 1.679ns (80.937%)  route 0.395ns (19.063%))
  Logic Levels:           8  (CARRY4=7 LUT1=1)
  Clock Path Skew:        -0.021ns (DCD - SCD + CPR)
    Destination Clock Delay (DCD):    4.519ns = ( 24.519 - 20.000 ) 
    Source Clock Delay      (SCD):    4.918ns
    Clock Pessimism Removal (CPR):    0.378ns
  Clock Uncertainty:      0.035ns  ((TSJ^2 + TIJ^2)^1/2 + DJ) / 2 + PE
    Total System Jitter     (TSJ):    0.071ns
    Total Input Jitter      (TIJ):    0.000ns
    Discrete Jitter          (DJ):    0.000ns
    Phase Error              (PE):    0.000ns

    Location             Delay type                Incr(ns)  Path(ns)    Netlist Resource(s)
  -------------------------------------------------------------------    -------------------
                         (clock clk rise edge)        0.000     0.000 r  
    N18                                               0.000     0.000 r  clk (IN)
                         net (fo=0)                   0.000     0.000    clk
    N18                  IBUF (Prop_ibuf_I_O)         1.392     1.392 r  clk_IBUF_inst/O
                         net (fo=1, routed)           1.873     3.265    clk_IBUF
    BUFGCTRL_X0Y16       BUFG (Prop_bufg_I_O)         0.085     3.350 r  clk_IBUF_BUFG_inst/O
                         net (fo=26, routed)          1.568     4.918    gen_cnt.i_cnt/clk
    SLICE_X113Y84        FDCE                                         r  gen_cnt.i_cnt/cntr_reg[0]/C
  -------------------------------------------------------------------    -------------------
    SLICE_X113Y84        FDCE (Prop_fdce_C_Q)         0.379     5.297 f  gen_cnt.i_cnt/cntr_reg[0]/Q
                         net (fo=1, routed)           0.395     5.693    gen_cnt.i_cnt/cntr_reg_n_0_[0]
    SLICE_X113Y84        LUT1 (Prop_lut1_I0_O)        0.105     5.798 r  gen_cnt.i_cnt/cntr[0]_i_3/O
                         net (fo=1, routed)           0.000     5.798    gen_cnt.i_cnt/cntr[0]_i_3_n_0
    SLICE_X113Y84        CARRY4 (Prop_carry4_S[0]_CO[3])
                                                      0.440     6.238 r  gen_cnt.i_cnt/cntr_reg[0]_i_1/CO[3]
                         net (fo=1, routed)           0.000     6.238    gen_cnt.i_cnt/cntr_reg[0]_i_1_n_0
    SLICE_X113Y85        CARRY4 (Prop_carry4_CI_CO[3])
                                                      0.098     6.336 r  gen_cnt.i_cnt/cntr_reg[4]_i_1/CO[3]
                         net (fo=1, routed)           0.000     6.336    gen_cnt.i_cnt/cntr_reg[4]_i_1_n_0
    SLICE_X113Y86        CARRY4 (Prop_carry4_CI_CO[3])
                                                      0.098     6.434 r  gen_cnt.i_cnt/cntr_reg[8]_i_1/CO[3]
                         net (fo=1, routed)           0.000     6.434    gen_cnt.i_cnt/cntr_reg[8]_i_1_n_0
    SLICE_X113Y87        CARRY4 (Prop_carry4_CI_CO[3])
                                                      0.098     6.532 r  gen_cnt.i_cnt/cntr_reg[12]_i_1/CO[3]
                         net (fo=1, routed)           0.000     6.532    gen_cnt.i_cnt/cntr_reg[12]_i_1_n_0
    SLICE_X113Y88        CARRY4 (Prop_carry4_CI_CO[3])
                                                      0.098     6.630 r  gen_cnt.i_cnt/cntr_reg[16]_i_1/CO[3]
                         net (fo=1, routed)           0.000     6.630    gen_cnt.i_cnt/cntr_reg[16]_i_1_n_0
    SLICE_X113Y89        CARRY4 (Prop_carry4_CI_CO[3])
                                                      0.098     6.728 r  gen_cnt.i_cnt/cntr_reg[20]_i_1/CO[3]
                         net (fo=1, routed)           0.000     6.728    gen_cnt.i_cnt/cntr_reg[20]_i_1_n_0
    SLICE_X113Y90        CARRY4 (Prop_carry4_CI_O[1])
                                                      0.265     6.993 r  gen_cnt.i_cnt/cntr_reg[24]_i_1/O[1]
                         net (fo=1, routed)           0.000     6.993    gen_cnt.i_cnt/cntr_reg[24]_i_1_n_6
    SLICE_X113Y90        FDCE                                         r  gen_cnt.i_cnt/cntr_reg[25]/D
  -------------------------------------------------------------------    -------------------

                         (clock clk rise edge)       20.000    20.000 r  
    N18                                               0.000    20.000 r  clk (IN)
                         net (fo=0)                   0.000    20.000    clk
    N18                  IBUF (Prop_ibuf_I_O)         1.327    21.327 r  clk_IBUF_inst/O
                         net (fo=1, routed)           1.701    23.028    clk_IBUF
    BUFGCTRL_X0Y16       BUFG (Prop_bufg_I_O)         0.077    23.105 r  clk_IBUF_BUFG_inst/O
                         net (fo=26, routed)          1.414    24.519    gen_cnt.i_cnt/clk
    SLICE_X113Y90        FDCE                                         r  gen_cnt.i_cnt/cntr_reg[25]/C
                         clock pessimism              0.378    24.897    
                         clock uncertainty           -0.035    24.862    
    SLICE_X113Y90        FDCE (Setup_fdce_C_D)        0.059    24.921    gen_cnt.i_cnt/cntr_reg[25]
  -------------------------------------------------------------------
                         required time                         24.921    
                         arrival time                          -6.993    
  -------------------------------------------------------------------
                         slack                                 17.928    

Slack (MET) :             18.012ns  (required time - arrival time)
  Source:                 gen_cnt.i_cnt/cntr_reg[0]/C
                            (rising edge-triggered cell FDCE clocked by clk  {rise@0.000ns fall@10.000ns period=20.000ns})
  Destination:            gen_cnt.i_cnt/cntr_reg[24]/D
                            (rising edge-triggered cell FDCE clocked by clk  {rise@0.000ns fall@10.000ns period=20.000ns})
  Path Group:             clk
  Path Type:              Setup (Max at Slow Process Corner)
  Requirement:            20.000ns  (clk rise@20.000ns - clk rise@0.000ns)
  Data Path Delay:        1.990ns  (logic 1.595ns (80.133%)  route 0.395ns (19.867%))
  Logic Levels:           8  (CARRY4=7 LUT1=1)
  Clock Path Skew:        -0.021ns (DCD - SCD + CPR)
    Destination Clock Delay (DCD):    4.519ns = ( 24.519 - 20.000 ) 
    Source Clock Delay      (SCD):    4.918ns
    Clock Pessimism Removal (CPR):    0.378ns
  Clock Uncertainty:      0.035ns  ((TSJ^2 + TIJ^2)^1/2 + DJ) / 2 + PE
    Total System Jitter     (TSJ):    0.071ns
    Total Input Jitter      (TIJ):    0.000ns
    Discrete Jitter          (DJ):    0.000ns
    Phase Error              (PE):    0.000ns

    Location             Delay type                Incr(ns)  Path(ns)    Netlist Resource(s)
  -------------------------------------------------------------------    -------------------
                         (clock clk rise edge)        0.000     0.000 r  
    N18                                               0.000     0.000 r  clk (IN)
                         net (fo=0)                   0.000     0.000    clk
    N18                  IBUF (Prop_ibuf_I_O)         1.392     1.392 r  clk_IBUF_inst/O
                         net (fo=1, routed)           1.873     3.265    clk_IBUF
    BUFGCTRL_X0Y16       BUFG (Prop_bufg_I_O)         0.085     3.350 r  clk_IBUF_BUFG_inst/O
                         net (fo=26, routed)          1.568     4.918    gen_cnt.i_cnt/clk
    SLICE_X113Y84        FDCE                                         r  gen_cnt.i_cnt/cntr_reg[0]/C
  -------------------------------------------------------------------    -------------------
    SLICE_X113Y84        FDCE (Prop_fdce_C_Q)         0.379     5.297 f  gen_cnt.i_cnt/cntr_reg[0]/Q
                         net (fo=1, routed)           0.395     5.693    gen_cnt.i_cnt/cntr_reg_n_0_[0]
    SLICE_X113Y84        LUT1 (Prop_lut1_I0_O)        0.105     5.798 r  gen_cnt.i_cnt/cntr[0]_i_3/O
                         net (fo=1, routed)           0.000     5.798    gen_cnt.i_cnt/cntr[0]_i_3_n_0
    SLICE_X113Y84        CARRY4 (Prop_carry4_S[0]_CO[3])
                                                      0.440     6.238 r  gen_cnt.i_cnt/cntr_reg[0]_i_1/CO[3]
                         net (fo=1, routed)           0.000     6.238    gen_cnt.i_cnt/cntr_reg[0]_i_1_n_0
    SLICE_X113Y85        CARRY4 (Prop_carry4_CI_CO[3])
                                                      0.098     6.336 r  gen_cnt.i_cnt/cntr_reg[4]_i_1/CO[3]
                         net (fo=1, routed)           0.000     6.336    gen_cnt.i_cnt/cntr_reg[4]_i_1_n_0
    SLICE_X113Y86        CARRY4 (Prop_carry4_CI_CO[3])
                                                      0.098     6.434 r  gen_cnt.i_cnt/cntr_reg[8]_i_1/CO[3]
                         net (fo=1, routed)           0.000     6.434    gen_cnt.i_cnt/cntr_reg[8]_i_1_n_0
    SLICE_X113Y87        CARRY4 (Prop_carry4_CI_CO[3])
                                                      0.098     6.532 r  gen_cnt.i_cnt/cntr_reg[12]_i_1/CO[3]
                         net (fo=1, routed)           0.000     6.532    gen_cnt.i_cnt/cntr_reg[12]_i_1_n_0
    SLICE_X113Y88        CARRY4 (Prop_carry4_CI_CO[3])
                                                      0.098     6.630 r  gen_cnt.i_cnt/cntr_reg[16]_i_1/CO[3]
                         net (fo=1, routed)           0.000     6.630    gen_cnt.i_cnt/cntr_reg[16]_i_1_n_0
    SLICE_X113Y89        CARRY4 (Prop_carry4_CI_CO[3])
                                                      0.098     6.728 r  gen_cnt.i_cnt/cntr_reg[20]_i_1/CO[3]
                         net (fo=1, routed)           0.000     6.728    gen_cnt.i_cnt/cntr_reg[20]_i_1_n_0
    SLICE_X113Y90        CARRY4 (Prop_carry4_CI_O[0])
                                                      0.181     6.909 r  gen_cnt.i_cnt/cntr_reg[24]_i_1/O[0]
                         net (fo=1, routed)           0.000     6.909    gen_cnt.i_cnt/cntr_reg[24]_i_1_n_7
    SLICE_X113Y90        FDCE                                         r  gen_cnt.i_cnt/cntr_reg[24]/D
  -------------------------------------------------------------------    -------------------

                         (clock clk rise edge)       20.000    20.000 r  
    N18                                               0.000    20.000 r  clk (IN)
                         net (fo=0)                   0.000    20.000    clk
    N18                  IBUF (Prop_ibuf_I_O)         1.327    21.327 r  clk_IBUF_inst/O
                         net (fo=1, routed)           1.701    23.028    clk_IBUF
    BUFGCTRL_X0Y16       BUFG (Prop_bufg_I_O)         0.077    23.105 r  clk_IBUF_BUFG_inst/O
                         net (fo=26, routed)          1.414    24.519    gen_cnt.i_cnt/clk
    SLICE_X113Y90        FDCE                                         r  gen_cnt.i_cnt/cntr_reg[24]/C
                         clock pessimism              0.378    24.897    
                         clock uncertainty           -0.035    24.862    
    SLICE_X113Y90        FDCE (Setup_fdce_C_D)        0.059    24.921    gen_cnt.i_cnt/cntr_reg[24]
  -------------------------------------------------------------------
                         required time                         24.921    
                         arrival time                          -6.909    
  -------------------------------------------------------------------
                         slack                                 18.012    

Slack (MET) :             18.025ns  (required time - arrival time)
  Source:                 gen_cnt.i_cnt/cntr_reg[0]/C
                            (rising edge-triggered cell FDCE clocked by clk  {rise@0.000ns fall@10.000ns period=20.000ns})
  Destination:            gen_cnt.i_cnt/cntr_reg[21]/D
                            (rising edge-triggered cell FDCE clocked by clk  {rise@0.000ns fall@10.000ns period=20.000ns})
  Path Group:             clk
  Path Type:              Setup (Max at Slow Process Corner)
  Requirement:            20.000ns  (clk rise@20.000ns - clk rise@0.000ns)
  Data Path Delay:        1.976ns  (logic 1.581ns (79.992%)  route 0.395ns (20.008%))
  Logic Levels:           7  (CARRY4=6 LUT1=1)
  Clock Path Skew:        -0.022ns (DCD - SCD + CPR)
    Destination Clock Delay (DCD):    4.518ns = ( 24.518 - 20.000 ) 
    Source Clock Delay      (SCD):    4.918ns
    Clock Pessimism Removal (CPR):    0.378ns
  Clock Uncertainty:      0.035ns  ((TSJ^2 + TIJ^2)^1/2 + DJ) / 2 + PE
    Total System Jitter     (TSJ):    0.071ns
    Total Input Jitter      (TIJ):    0.000ns
    Discrete Jitter          (DJ):    0.000ns
    Phase Error              (PE):    0.000ns

    Location             Delay type                Incr(ns)  Path(ns)    Netlist Resource(s)
  -------------------------------------------------------------------    -------------------
                         (clock clk rise edge)        0.000     0.000 r  
    N18                                               0.000     0.000 r  clk (IN)
                         net (fo=0)                   0.000     0.000    clk
    N18                  IBUF (Prop_ibuf_I_O)         1.392     1.392 r  clk_IBUF_inst/O
                         net (fo=1, routed)           1.873     3.265    clk_IBUF
    BUFGCTRL_X0Y16       BUFG (Prop_bufg_I_O)         0.085     3.350 r  clk_IBUF_BUFG_inst/O
                         net (fo=26, routed)          1.568     4.918    gen_cnt.i_cnt/clk
    SLICE_X113Y84        FDCE                                         r  gen_cnt.i_cnt/cntr_reg[0]/C
  -------------------------------------------------------------------    -------------------
    SLICE_X113Y84        FDCE (Prop_fdce_C_Q)         0.379     5.297 f  gen_cnt.i_cnt/cntr_reg[0]/Q
                         net (fo=1, routed)           0.395     5.693    gen_cnt.i_cnt/cntr_reg_n_0_[0]
    SLICE_X113Y84        LUT1 (Prop_lut1_I0_O)        0.105     5.798 r  gen_cnt.i_cnt/cntr[0]_i_3/O
                         net (fo=1, routed)           0.000     5.798    gen_cnt.i_cnt/cntr[0]_i_3_n_0
    SLICE_X113Y84        CARRY4 (Prop_carry4_S[0]_CO[3])
                                                      0.440     6.238 r  gen_cnt.i_cnt/cntr_reg[0]_i_1/CO[3]
                         net (fo=1, routed)           0.000     6.238    gen_cnt.i_cnt/cntr_reg[0]_i_1_n_0
    SLICE_X113Y85        CARRY4 (Prop_carry4_CI_CO[3])
                                                      0.098     6.336 r  gen_cnt.i_cnt/cntr_reg[4]_i_1/CO[3]
                         net (fo=1, routed)           0.000     6.336    gen_cnt.i_cnt/cntr_reg[4]_i_1_n_0
    SLICE_X113Y86        CARRY4 (Prop_carry4_CI_CO[3])
                                                      0.098     6.434 r  gen_cnt.i_cnt/cntr_reg[8]_i_1/CO[3]
                         net (fo=1, routed)           0.000     6.434    gen_cnt.i_cnt/cntr_reg[8]_i_1_n_0
    SLICE_X113Y87        CARRY4 (Prop_carry4_CI_CO[3])
                                                      0.098     6.532 r  gen_cnt.i_cnt/cntr_reg[12]_i_1/CO[3]
                         net (fo=1, routed)           0.000     6.532    gen_cnt.i_cnt/cntr_reg[12]_i_1_n_0
    SLICE_X113Y88        CARRY4 (Prop_carry4_CI_CO[3])
                                                      0.098     6.630 r  gen_cnt.i_cnt/cntr_reg[16]_i_1/CO[3]
                         net (fo=1, routed)           0.000     6.630    gen_cnt.i_cnt/cntr_reg[16]_i_1_n_0
    SLICE_X113Y89        CARRY4 (Prop_carry4_CI_O[1])
                                                      0.265     6.895 r  gen_cnt.i_cnt/cntr_reg[20]_i_1/O[1]
                         net (fo=1, routed)           0.000     6.895    gen_cnt.i_cnt/cntr_reg[20]_i_1_n_6
    SLICE_X113Y89        FDCE                                         r  gen_cnt.i_cnt/cntr_reg[21]/D
  -------------------------------------------------------------------    -------------------

                         (clock clk rise edge)       20.000    20.000 r  
    N18                                               0.000    20.000 r  clk (IN)
                         net (fo=0)                   0.000    20.000    clk
    N18                  IBUF (Prop_ibuf_I_O)         1.327    21.327 r  clk_IBUF_inst/O
                         net (fo=1, routed)           1.701    23.028    clk_IBUF
    BUFGCTRL_X0Y16       BUFG (Prop_bufg_I_O)         0.077    23.105 r  clk_IBUF_BUFG_inst/O
                         net (fo=26, routed)          1.413    24.518    gen_cnt.i_cnt/clk
    SLICE_X113Y89        FDCE                                         r  gen_cnt.i_cnt/cntr_reg[21]/C
                         clock pessimism              0.378    24.896    
                         clock uncertainty           -0.035    24.861    
    SLICE_X113Y89        FDCE (Setup_fdce_C_D)        0.059    24.920    gen_cnt.i_cnt/cntr_reg[21]
  -------------------------------------------------------------------
                         required time                         24.920    
                         arrival time                          -6.895    
  -------------------------------------------------------------------
                         slack                                 18.025    

Slack (MET) :             18.030ns  (required time - arrival time)
  Source:                 gen_cnt.i_cnt/cntr_reg[0]/C
                            (rising edge-triggered cell FDCE clocked by clk  {rise@0.000ns fall@10.000ns period=20.000ns})
  Destination:            gen_cnt.i_cnt/cntr_reg[23]/D
                            (rising edge-triggered cell FDCE clocked by clk  {rise@0.000ns fall@10.000ns period=20.000ns})
  Path Group:             clk
  Path Type:              Setup (Max at Slow Process Corner)
  Requirement:            20.000ns  (clk rise@20.000ns - clk rise@0.000ns)
  Data Path Delay:        1.971ns  (logic 1.576ns (79.941%)  route 0.395ns (20.059%))
  Logic Levels:           7  (CARRY4=6 LUT1=1)
  Clock Path Skew:        -0.022ns (DCD - SCD + CPR)
    Destination Clock Delay (DCD):    4.518ns = ( 24.518 - 20.000 ) 
    Source Clock Delay      (SCD):    4.918ns
    Clock Pessimism Removal (CPR):    0.378ns
  Clock Uncertainty:      0.035ns  ((TSJ^2 + TIJ^2)^1/2 + DJ) / 2 + PE
    Total System Jitter     (TSJ):    0.071ns
    Total Input Jitter      (TIJ):    0.000ns
    Discrete Jitter          (DJ):    0.000ns
    Phase Error              (PE):    0.000ns

    Location             Delay type                Incr(ns)  Path(ns)    Netlist Resource(s)
  -------------------------------------------------------------------    -------------------
                         (clock clk rise edge)        0.000     0.000 r  
    N18                                               0.000     0.000 r  clk (IN)
                         net (fo=0)                   0.000     0.000    clk
    N18                  IBUF (Prop_ibuf_I_O)         1.392     1.392 r  clk_IBUF_inst/O
                         net (fo=1, routed)           1.873     3.265    clk_IBUF
    BUFGCTRL_X0Y16       BUFG (Prop_bufg_I_O)         0.085     3.350 r  clk_IBUF_BUFG_inst/O
                         net (fo=26, routed)          1.568     4.918    gen_cnt.i_cnt/clk
    SLICE_X113Y84        FDCE                                         r  gen_cnt.i_cnt/cntr_reg[0]/C
  -------------------------------------------------------------------    -------------------
    SLICE_X113Y84        FDCE (Prop_fdce_C_Q)         0.379     5.297 f  gen_cnt.i_cnt/cntr_reg[0]/Q
                         net (fo=1, routed)           0.395     5.693    gen_cnt.i_cnt/cntr_reg_n_0_[0]
    SLICE_X113Y84        LUT1 (Prop_lut1_I0_O)        0.105     5.798 r  gen_cnt.i_cnt/cntr[0]_i_3/O
                         net (fo=1, routed)           0.000     5.798    gen_cnt.i_cnt/cntr[0]_i_3_n_0
    SLICE_X113Y84        CARRY4 (Prop_carry4_S[0]_CO[3])
                                                      0.440     6.238 r  gen_cnt.i_cnt/cntr_reg[0]_i_1/CO[3]
                         net (fo=1, routed)           0.000     6.238    gen_cnt.i_cnt/cntr_reg[0]_i_1_n_0
    SLICE_X113Y85        CARRY4 (Prop_carry4_CI_CO[3])
                                                      0.098     6.336 r  gen_cnt.i_cnt/cntr_reg[4]_i_1/CO[3]
                         net (fo=1, routed)           0.000     6.336    gen_cnt.i_cnt/cntr_reg[4]_i_1_n_0
    SLICE_X113Y86        CARRY4 (Prop_carry4_CI_CO[3])
                                                      0.098     6.434 r  gen_cnt.i_cnt/cntr_reg[8]_i_1/CO[3]
                         net (fo=1, routed)           0.000     6.434    gen_cnt.i_cnt/cntr_reg[8]_i_1_n_0
    SLICE_X113Y87        CARRY4 (Prop_carry4_CI_CO[3])
                                                      0.098     6.532 r  gen_cnt.i_cnt/cntr_reg[12]_i_1/CO[3]
                         net (fo=1, routed)           0.000     6.532    gen_cnt.i_cnt/cntr_reg[12]_i_1_n_0
    SLICE_X113Y88        CARRY4 (Prop_carry4_CI_CO[3])
                                                      0.098     6.630 r  gen_cnt.i_cnt/cntr_reg[16]_i_1/CO[3]
                         net (fo=1, routed)           0.000     6.630    gen_cnt.i_cnt/cntr_reg[16]_i_1_n_0
    SLICE_X113Y89        CARRY4 (Prop_carry4_CI_O[3])
                                                      0.260     6.890 r  gen_cnt.i_cnt/cntr_reg[20]_i_1/O[3]
                         net (fo=1, routed)           0.000     6.890    gen_cnt.i_cnt/cntr_reg[20]_i_1_n_4
    SLICE_X113Y89        FDCE                                         r  gen_cnt.i_cnt/cntr_reg[23]/D
  -------------------------------------------------------------------    -------------------

                         (clock clk rise edge)       20.000    20.000 r  
    N18                                               0.000    20.000 r  clk (IN)
                         net (fo=0)                   0.000    20.000    clk
    N18                  IBUF (Prop_ibuf_I_O)         1.327    21.327 r  clk_IBUF_inst/O
                         net (fo=1, routed)           1.701    23.028    clk_IBUF
    BUFGCTRL_X0Y16       BUFG (Prop_bufg_I_O)         0.077    23.105 r  clk_IBUF_BUFG_inst/O
                         net (fo=26, routed)          1.413    24.518    gen_cnt.i_cnt/clk
    SLICE_X113Y89        FDCE                                         r  gen_cnt.i_cnt/cntr_reg[23]/C
                         clock pessimism              0.378    24.896    
                         clock uncertainty           -0.035    24.861    
    SLICE_X113Y89        FDCE (Setup_fdce_C_D)        0.059    24.920    gen_cnt.i_cnt/cntr_reg[23]
  -------------------------------------------------------------------
                         required time                         24.920    
                         arrival time                          -6.890    
  -------------------------------------------------------------------
                         slack                                 18.030    

Slack (MET) :             18.090ns  (required time - arrival time)
  Source:                 gen_cnt.i_cnt/cntr_reg[0]/C
                            (rising edge-triggered cell FDCE clocked by clk  {rise@0.000ns fall@10.000ns period=20.000ns})
  Destination:            gen_cnt.i_cnt/cntr_reg[22]/D
                            (rising edge-triggered cell FDCE clocked by clk  {rise@0.000ns fall@10.000ns period=20.000ns})
  Path Group:             clk
  Path Type:              Setup (Max at Slow Process Corner)
  Requirement:            20.000ns  (clk rise@20.000ns - clk rise@0.000ns)
  Data Path Delay:        1.911ns  (logic 1.516ns (79.312%)  route 0.395ns (20.688%))
  Logic Levels:           7  (CARRY4=6 LUT1=1)
  Clock Path Skew:        -0.022ns (DCD - SCD + CPR)
    Destination Clock Delay (DCD):    4.518ns = ( 24.518 - 20.000 ) 
    Source Clock Delay      (SCD):    4.918ns
    Clock Pessimism Removal (CPR):    0.378ns
  Clock Uncertainty:      0.035ns  ((TSJ^2 + TIJ^2)^1/2 + DJ) / 2 + PE
    Total System Jitter     (TSJ):    0.071ns
    Total Input Jitter      (TIJ):    0.000ns
    Discrete Jitter          (DJ):    0.000ns
    Phase Error              (PE):    0.000ns

    Location             Delay type                Incr(ns)  Path(ns)    Netlist Resource(s)
  -------------------------------------------------------------------    -------------------
                         (clock clk rise edge)        0.000     0.000 r  
    N18                                               0.000     0.000 r  clk (IN)
                         net (fo=0)                   0.000     0.000    clk
    N18                  IBUF (Prop_ibuf_I_O)         1.392     1.392 r  clk_IBUF_inst/O
                         net (fo=1, routed)           1.873     3.265    clk_IBUF
    BUFGCTRL_X0Y16       BUFG (Prop_bufg_I_O)         0.085     3.350 r  clk_IBUF_BUFG_inst/O
                         net (fo=26, routed)          1.568     4.918    gen_cnt.i_cnt/clk
    SLICE_X113Y84        FDCE                                         r  gen_cnt.i_cnt/cntr_reg[0]/C
  -------------------------------------------------------------------    -------------------
    SLICE_X113Y84        FDCE (Prop_fdce_C_Q)         0.379     5.297 f  gen_cnt.i_cnt/cntr_reg[0]/Q
                         net (fo=1, routed)           0.395     5.693    gen_cnt.i_cnt/cntr_reg_n_0_[0]
    SLICE_X113Y84        LUT1 (Prop_lut1_I0_O)        0.105     5.798 r  gen_cnt.i_cnt/cntr[0]_i_3/O
                         net (fo=1, routed)           0.000     5.798    gen_cnt.i_cnt/cntr[0]_i_3_n_0
    SLICE_X113Y84        CARRY4 (Prop_carry4_S[0]_CO[3])
                                                      0.440     6.238 r  gen_cnt.i_cnt/cntr_reg[0]_i_1/CO[3]
                         net (fo=1, routed)           0.000     6.238    gen_cnt.i_cnt/cntr_reg[0]_i_1_n_0
    SLICE_X113Y85        CARRY4 (Prop_carry4_CI_CO[3])
                                                      0.098     6.336 r  gen_cnt.i_cnt/cntr_reg[4]_i_1/CO[3]
                         net (fo=1, routed)           0.000     6.336    gen_cnt.i_cnt/cntr_reg[4]_i_1_n_0
    SLICE_X113Y86        CARRY4 (Prop_carry4_CI_CO[3])
                                                      0.098     6.434 r  gen_cnt.i_cnt/cntr_reg[8]_i_1/CO[3]
                         net (fo=1, routed)           0.000     6.434    gen_cnt.i_cnt/cntr_reg[8]_i_1_n_0
    SLICE_X113Y87        CARRY4 (Prop_carry4_CI_CO[3])
                                                      0.098     6.532 r  gen_cnt.i_cnt/cntr_reg[12]_i_1/CO[3]
                         net (fo=1, routed)           0.000     6.532    gen_cnt.i_cnt/cntr_reg[12]_i_1_n_0
    SLICE_X113Y88        CARRY4 (Prop_carry4_CI_CO[3])
                                                      0.098     6.630 r  gen_cnt.i_cnt/cntr_reg[16]_i_1/CO[3]
                         net (fo=1, routed)           0.000     6.630    gen_cnt.i_cnt/cntr_reg[16]_i_1_n_0
    SLICE_X113Y89        CARRY4 (Prop_carry4_CI_O[2])
                                                      0.200     6.830 r  gen_cnt.i_cnt/cntr_reg[20]_i_1/O[2]
                         net (fo=1, routed)           0.000     6.830    gen_cnt.i_cnt/cntr_reg[20]_i_1_n_5
    SLICE_X113Y89        FDCE                                         r  gen_cnt.i_cnt/cntr_reg[22]/D
  -------------------------------------------------------------------    -------------------

                         (clock clk rise edge)       20.000    20.000 r  
    N18                                               0.000    20.000 r  clk (IN)
                         net (fo=0)                   0.000    20.000    clk
    N18                  IBUF (Prop_ibuf_I_O)         1.327    21.327 r  clk_IBUF_inst/O
                         net (fo=1, routed)           1.701    23.028    clk_IBUF
    BUFGCTRL_X0Y16       BUFG (Prop_bufg_I_O)         0.077    23.105 r  clk_IBUF_BUFG_inst/O
                         net (fo=26, routed)          1.413    24.518    gen_cnt.i_cnt/clk
    SLICE_X113Y89        FDCE                                         r  gen_cnt.i_cnt/cntr_reg[22]/C
                         clock pessimism              0.378    24.896    
                         clock uncertainty           -0.035    24.861    
    SLICE_X113Y89        FDCE (Setup_fdce_C_D)        0.059    24.920    gen_cnt.i_cnt/cntr_reg[22]
  -------------------------------------------------------------------
                         required time                         24.920    
                         arrival time                          -6.830    
  -------------------------------------------------------------------
                         slack                                 18.090    

Slack (MET) :             18.109ns  (required time - arrival time)
  Source:                 gen_cnt.i_cnt/cntr_reg[0]/C
                            (rising edge-triggered cell FDCE clocked by clk  {rise@0.000ns fall@10.000ns period=20.000ns})
  Destination:            gen_cnt.i_cnt/cntr_reg[20]/D
                            (rising edge-triggered cell FDCE clocked by clk  {rise@0.000ns fall@10.000ns period=20.000ns})
  Path Group:             clk
  Path Type:              Setup (Max at Slow Process Corner)
  Requirement:            20.000ns  (clk rise@20.000ns - clk rise@0.000ns)
  Data Path Delay:        1.892ns  (logic 1.497ns (79.104%)  route 0.395ns (20.896%))
  Logic Levels:           7  (CARRY4=6 LUT1=1)
  Clock Path Skew:        -0.022ns (DCD - SCD + CPR)
    Destination Clock Delay (DCD):    4.518ns = ( 24.518 - 20.000 ) 
    Source Clock Delay      (SCD):    4.918ns
    Clock Pessimism Removal (CPR):    0.378ns
  Clock Uncertainty:      0.035ns  ((TSJ^2 + TIJ^2)^1/2 + DJ) / 2 + PE
    Total System Jitter     (TSJ):    0.071ns
    Total Input Jitter      (TIJ):    0.000ns
    Discrete Jitter          (DJ):    0.000ns
    Phase Error              (PE):    0.000ns

    Location             Delay type                Incr(ns)  Path(ns)    Netlist Resource(s)
  -------------------------------------------------------------------    -------------------
                         (clock clk rise edge)        0.000     0.000 r  
    N18                                               0.000     0.000 r  clk (IN)
                         net (fo=0)                   0.000     0.000    clk
    N18                  IBUF (Prop_ibuf_I_O)         1.392     1.392 r  clk_IBUF_inst/O
                         net (fo=1, routed)           1.873     3.265    clk_IBUF
    BUFGCTRL_X0Y16       BUFG (Prop_bufg_I_O)         0.085     3.350 r  clk_IBUF_BUFG_inst/O
                         net (fo=26, routed)          1.568     4.918    gen_cnt.i_cnt/clk
    SLICE_X113Y84        FDCE                                         r  gen_cnt.i_cnt/cntr_reg[0]/C
  -------------------------------------------------------------------    -------------------
    SLICE_X113Y84        FDCE (Prop_fdce_C_Q)         0.379     5.297 f  gen_cnt.i_cnt/cntr_reg[0]/Q
                         net (fo=1, routed)           0.395     5.693    gen_cnt.i_cnt/cntr_reg_n_0_[0]
    SLICE_X113Y84        LUT1 (Prop_lut1_I0_O)        0.105     5.798 r  gen_cnt.i_cnt/cntr[0]_i_3/O
                         net (fo=1, routed)           0.000     5.798    gen_cnt.i_cnt/cntr[0]_i_3_n_0
    SLICE_X113Y84        CARRY4 (Prop_carry4_S[0]_CO[3])
                                                      0.440     6.238 r  gen_cnt.i_cnt/cntr_reg[0]_i_1/CO[3]
                         net (fo=1, routed)           0.000     6.238    gen_cnt.i_cnt/cntr_reg[0]_i_1_n_0
    SLICE_X113Y85        CARRY4 (Prop_carry4_CI_CO[3])
                                                      0.098     6.336 r  gen_cnt.i_cnt/cntr_reg[4]_i_1/CO[3]
                         net (fo=1, routed)           0.000     6.336    gen_cnt.i_cnt/cntr_reg[4]_i_1_n_0
    SLICE_X113Y86        CARRY4 (Prop_carry4_CI_CO[3])
                                                      0.098     6.434 r  gen_cnt.i_cnt/cntr_reg[8]_i_1/CO[3]
                         net (fo=1, routed)           0.000     6.434    gen_cnt.i_cnt/cntr_reg[8]_i_1_n_0
    SLICE_X113Y87        CARRY4 (Prop_carry4_CI_CO[3])
                                                      0.098     6.532 r  gen_cnt.i_cnt/cntr_reg[12]_i_1/CO[3]
                         net (fo=1, routed)           0.000     6.532    gen_cnt.i_cnt/cntr_reg[12]_i_1_n_0
    SLICE_X113Y88        CARRY4 (Prop_carry4_CI_CO[3])
                                                      0.098     6.630 r  gen_cnt.i_cnt/cntr_reg[16]_i_1/CO[3]
                         net (fo=1, routed)           0.000     6.630    gen_cnt.i_cnt/cntr_reg[16]_i_1_n_0
    SLICE_X113Y89        CARRY4 (Prop_carry4_CI_O[0])
                                                      0.181     6.811 r  gen_cnt.i_cnt/cntr_reg[20]_i_1/O[0]
                         net (fo=1, routed)           0.000     6.811    gen_cnt.i_cnt/cntr_reg[20]_i_1_n_7
    SLICE_X113Y89        FDCE                                         r  gen_cnt.i_cnt/cntr_reg[20]/D
  -------------------------------------------------------------------    -------------------

                         (clock clk rise edge)       20.000    20.000 r  
    N18                                               0.000    20.000 r  clk (IN)
                         net (fo=0)                   0.000    20.000    clk
    N18                  IBUF (Prop_ibuf_I_O)         1.327    21.327 r  clk_IBUF_inst/O
                         net (fo=1, routed)           1.701    23.028    clk_IBUF
    BUFGCTRL_X0Y16       BUFG (Prop_bufg_I_O)         0.077    23.105 r  clk_IBUF_BUFG_inst/O
                         net (fo=26, routed)          1.413    24.518    gen_cnt.i_cnt/clk
    SLICE_X113Y89        FDCE                                         r  gen_cnt.i_cnt/cntr_reg[20]/C
                         clock pessimism              0.378    24.896    
                         clock uncertainty           -0.035    24.861    
    SLICE_X113Y89        FDCE (Setup_fdce_C_D)        0.059    24.920    gen_cnt.i_cnt/cntr_reg[20]
  -------------------------------------------------------------------
                         required time                         24.920    
                         arrival time                          -6.811    
  -------------------------------------------------------------------
                         slack                                 18.109    

Slack (MET) :             18.122ns  (required time - arrival time)
  Source:                 gen_cnt.i_cnt/cntr_reg[0]/C
                            (rising edge-triggered cell FDCE clocked by clk  {rise@0.000ns fall@10.000ns period=20.000ns})
  Destination:            gen_cnt.i_cnt/cntr_reg[17]/D
                            (rising edge-triggered cell FDCE clocked by clk  {rise@0.000ns fall@10.000ns period=20.000ns})
  Path Group:             clk
  Path Type:              Setup (Max at Slow Process Corner)
  Requirement:            20.000ns  (clk rise@20.000ns - clk rise@0.000ns)
  Data Path Delay:        1.878ns  (logic 1.483ns (78.948%)  route 0.395ns (21.052%))
  Logic Levels:           6  (CARRY4=5 LUT1=1)
  Clock Path Skew:        -0.023ns (DCD - SCD + CPR)
    Destination Clock Delay (DCD):    4.517ns = ( 24.517 - 20.000 ) 
    Source Clock Delay      (SCD):    4.918ns
    Clock Pessimism Removal (CPR):    0.378ns
  Clock Uncertainty:      0.035ns  ((TSJ^2 + TIJ^2)^1/2 + DJ) / 2 + PE
    Total System Jitter     (TSJ):    0.071ns
    Total Input Jitter      (TIJ):    0.000ns
    Discrete Jitter          (DJ):    0.000ns
    Phase Error              (PE):    0.000ns

    Location             Delay type                Incr(ns)  Path(ns)    Netlist Resource(s)
  -------------------------------------------------------------------    -------------------
                         (clock clk rise edge)        0.000     0.000 r  
    N18                                               0.000     0.000 r  clk (IN)
                         net (fo=0)                   0.000     0.000    clk
    N18                  IBUF (Prop_ibuf_I_O)         1.392     1.392 r  clk_IBUF_inst/O
                         net (fo=1, routed)           1.873     3.265    clk_IBUF
    BUFGCTRL_X0Y16       BUFG (Prop_bufg_I_O)         0.085     3.350 r  clk_IBUF_BUFG_inst/O
                         net (fo=26, routed)          1.568     4.918    gen_cnt.i_cnt/clk
    SLICE_X113Y84        FDCE                                         r  gen_cnt.i_cnt/cntr_reg[0]/C
  -------------------------------------------------------------------    -------------------
    SLICE_X113Y84        FDCE (Prop_fdce_C_Q)         0.379     5.297 f  gen_cnt.i_cnt/cntr_reg[0]/Q
                         net (fo=1, routed)           0.395     5.693    gen_cnt.i_cnt/cntr_reg_n_0_[0]
    SLICE_X113Y84        LUT1 (Prop_lut1_I0_O)        0.105     5.798 r  gen_cnt.i_cnt/cntr[0]_i_3/O
                         net (fo=1, routed)           0.000     5.798    gen_cnt.i_cnt/cntr[0]_i_3_n_0
    SLICE_X113Y84        CARRY4 (Prop_carry4_S[0]_CO[3])
                                                      0.440     6.238 r  gen_cnt.i_cnt/cntr_reg[0]_i_1/CO[3]
                         net (fo=1, routed)           0.000     6.238    gen_cnt.i_cnt/cntr_reg[0]_i_1_n_0
    SLICE_X113Y85        CARRY4 (Prop_carry4_CI_CO[3])
                                                      0.098     6.336 r  gen_cnt.i_cnt/cntr_reg[4]_i_1/CO[3]
                         net (fo=1, routed)           0.000     6.336    gen_cnt.i_cnt/cntr_reg[4]_i_1_n_0
    SLICE_X113Y86        CARRY4 (Prop_carry4_CI_CO[3])
                                                      0.098     6.434 r  gen_cnt.i_cnt/cntr_reg[8]_i_1/CO[3]
                         net (fo=1, routed)           0.000     6.434    gen_cnt.i_cnt/cntr_reg[8]_i_1_n_0
    SLICE_X113Y87        CARRY4 (Prop_carry4_CI_CO[3])
                                                      0.098     6.532 r  gen_cnt.i_cnt/cntr_reg[12]_i_1/CO[3]
                         net (fo=1, routed)           0.000     6.532    gen_cnt.i_cnt/cntr_reg[12]_i_1_n_0
    SLICE_X113Y88        CARRY4 (Prop_carry4_CI_O[1])
                                                      0.265     6.797 r  gen_cnt.i_cnt/cntr_reg[16]_i_1/O[1]
                         net (fo=1, routed)           0.000     6.797    gen_cnt.i_cnt/cntr_reg[16]_i_1_n_6
    SLICE_X113Y88        FDCE                                         r  gen_cnt.i_cnt/cntr_reg[17]/D
  -------------------------------------------------------------------    -------------------

                         (clock clk rise edge)       20.000    20.000 r  
    N18                                               0.000    20.000 r  clk (IN)
                         net (fo=0)                   0.000    20.000    clk
    N18                  IBUF (Prop_ibuf_I_O)         1.327    21.327 r  clk_IBUF_inst/O
                         net (fo=1, routed)           1.701    23.028    clk_IBUF
    BUFGCTRL_X0Y16       BUFG (Prop_bufg_I_O)         0.077    23.105 r  clk_IBUF_BUFG_inst/O
                         net (fo=26, routed)          1.412    24.517    gen_cnt.i_cnt/clk
    SLICE_X113Y88        FDCE                                         r  gen_cnt.i_cnt/cntr_reg[17]/C
                         clock pessimism              0.378    24.895    
                         clock uncertainty           -0.035    24.860    
    SLICE_X113Y88        FDCE (Setup_fdce_C_D)        0.059    24.919    gen_cnt.i_cnt/cntr_reg[17]
  -------------------------------------------------------------------
                         required time                         24.919    
                         arrival time                          -6.797    
  -------------------------------------------------------------------
                         slack                                 18.122    

Slack (MET) :             18.127ns  (required time - arrival time)
  Source:                 gen_cnt.i_cnt/cntr_reg[0]/C
                            (rising edge-triggered cell FDCE clocked by clk  {rise@0.000ns fall@10.000ns period=20.000ns})
  Destination:            gen_cnt.i_cnt/cntr_reg[19]/D
                            (rising edge-triggered cell FDCE clocked by clk  {rise@0.000ns fall@10.000ns period=20.000ns})
  Path Group:             clk
  Path Type:              Setup (Max at Slow Process Corner)
  Requirement:            20.000ns  (clk rise@20.000ns - clk rise@0.000ns)
  Data Path Delay:        1.873ns  (logic 1.478ns (78.892%)  route 0.395ns (21.108%))
  Logic Levels:           6  (CARRY4=5 LUT1=1)
  Clock Path Skew:        -0.023ns (DCD - SCD + CPR)
    Destination Clock Delay (DCD):    4.517ns = ( 24.517 - 20.000 ) 
    Source Clock Delay      (SCD):    4.918ns
    Clock Pessimism Removal (CPR):    0.378ns
  Clock Uncertainty:      0.035ns  ((TSJ^2 + TIJ^2)^1/2 + DJ) / 2 + PE
    Total System Jitter     (TSJ):    0.071ns
    Total Input Jitter      (TIJ):    0.000ns
    Discrete Jitter          (DJ):    0.000ns
    Phase Error              (PE):    0.000ns

    Location             Delay type                Incr(ns)  Path(ns)    Netlist Resource(s)
  -------------------------------------------------------------------    -------------------
                         (clock clk rise edge)        0.000     0.000 r  
    N18                                               0.000     0.000 r  clk (IN)
                         net (fo=0)                   0.000     0.000    clk
    N18                  IBUF (Prop_ibuf_I_O)         1.392     1.392 r  clk_IBUF_inst/O
                         net (fo=1, routed)           1.873     3.265    clk_IBUF
    BUFGCTRL_X0Y16       BUFG (Prop_bufg_I_O)         0.085     3.350 r  clk_IBUF_BUFG_inst/O
                         net (fo=26, routed)          1.568     4.918    gen_cnt.i_cnt/clk
    SLICE_X113Y84        FDCE                                         r  gen_cnt.i_cnt/cntr_reg[0]/C
  -------------------------------------------------------------------    -------------------
    SLICE_X113Y84        FDCE (Prop_fdce_C_Q)         0.379     5.297 f  gen_cnt.i_cnt/cntr_reg[0]/Q
                         net (fo=1, routed)           0.395     5.693    gen_cnt.i_cnt/cntr_reg_n_0_[0]
    SLICE_X113Y84        LUT1 (Prop_lut1_I0_O)        0.105     5.798 r  gen_cnt.i_cnt/cntr[0]_i_3/O
                         net (fo=1, routed)           0.000     5.798    gen_cnt.i_cnt/cntr[0]_i_3_n_0
    SLICE_X113Y84        CARRY4 (Prop_carry4_S[0]_CO[3])
                                                      0.440     6.238 r  gen_cnt.i_cnt/cntr_reg[0]_i_1/CO[3]
                         net (fo=1, routed)           0.000     6.238    gen_cnt.i_cnt/cntr_reg[0]_i_1_n_0
    SLICE_X113Y85        CARRY4 (Prop_carry4_CI_CO[3])
                                                      0.098     6.336 r  gen_cnt.i_cnt/cntr_reg[4]_i_1/CO[3]
                         net (fo=1, routed)           0.000     6.336    gen_cnt.i_cnt/cntr_reg[4]_i_1_n_0
    SLICE_X113Y86        CARRY4 (Prop_carry4_CI_CO[3])
                                                      0.098     6.434 r  gen_cnt.i_cnt/cntr_reg[8]_i_1/CO[3]
                         net (fo=1, routed)           0.000     6.434    gen_cnt.i_cnt/cntr_reg[8]_i_1_n_0
    SLICE_X113Y87        CARRY4 (Prop_carry4_CI_CO[3])
                                                      0.098     6.532 r  gen_cnt.i_cnt/cntr_reg[12]_i_1/CO[3]
                         net (fo=1, routed)           0.000     6.532    gen_cnt.i_cnt/cntr_reg[12]_i_1_n_0
    SLICE_X113Y88        CARRY4 (Prop_carry4_CI_O[3])
                                                      0.260     6.792 r  gen_cnt.i_cnt/cntr_reg[16]_i_1/O[3]
                         net (fo=1, routed)           0.000     6.792    gen_cnt.i_cnt/cntr_reg[16]_i_1_n_4
    SLICE_X113Y88        FDCE                                         r  gen_cnt.i_cnt/cntr_reg[19]/D
  -------------------------------------------------------------------    -------------------

                         (clock clk rise edge)       20.000    20.000 r  
    N18                                               0.000    20.000 r  clk (IN)
                         net (fo=0)                   0.000    20.000    clk
    N18                  IBUF (Prop_ibuf_I_O)         1.327    21.327 r  clk_IBUF_inst/O
                         net (fo=1, routed)           1.701    23.028    clk_IBUF
    BUFGCTRL_X0Y16       BUFG (Prop_bufg_I_O)         0.077    23.105 r  clk_IBUF_BUFG_inst/O
                         net (fo=26, routed)          1.412    24.517    gen_cnt.i_cnt/clk
    SLICE_X113Y88        FDCE                                         r  gen_cnt.i_cnt/cntr_reg[19]/C
                         clock pessimism              0.378    24.895    
                         clock uncertainty           -0.035    24.860    
    SLICE_X113Y88        FDCE (Setup_fdce_C_D)        0.059    24.919    gen_cnt.i_cnt/cntr_reg[19]
  -------------------------------------------------------------------
                         required time                         24.919    
                         arrival time                          -6.792    
  -------------------------------------------------------------------
                         slack                                 18.127    

Slack (MET) :             18.187ns  (required time - arrival time)
  Source:                 gen_cnt.i_cnt/cntr_reg[0]/C
                            (rising edge-triggered cell FDCE clocked by clk  {rise@0.000ns fall@10.000ns period=20.000ns})
  Destination:            gen_cnt.i_cnt/cntr_reg[18]/D
                            (rising edge-triggered cell FDCE clocked by clk  {rise@0.000ns fall@10.000ns period=20.000ns})
  Path Group:             clk
  Path Type:              Setup (Max at Slow Process Corner)
  Requirement:            20.000ns  (clk rise@20.000ns - clk rise@0.000ns)
  Data Path Delay:        1.813ns  (logic 1.418ns (78.194%)  route 0.395ns (21.806%))
  Logic Levels:           6  (CARRY4=5 LUT1=1)
  Clock Path Skew:        -0.023ns (DCD - SCD + CPR)
    Destination Clock Delay (DCD):    4.517ns = ( 24.517 - 20.000 ) 
    Source Clock Delay      (SCD):    4.918ns
    Clock Pessimism Removal (CPR):    0.378ns
  Clock Uncertainty:      0.035ns  ((TSJ^2 + TIJ^2)^1/2 + DJ) / 2 + PE
    Total System Jitter     (TSJ):    0.071ns
    Total Input Jitter      (TIJ):    0.000ns
    Discrete Jitter          (DJ):    0.000ns
    Phase Error              (PE):    0.000ns

    Location             Delay type                Incr(ns)  Path(ns)    Netlist Resource(s)
  -------------------------------------------------------------------    -------------------
                         (clock clk rise edge)        0.000     0.000 r  
    N18                                               0.000     0.000 r  clk (IN)
                         net (fo=0)                   0.000     0.000    clk
    N18                  IBUF (Prop_ibuf_I_O)         1.392     1.392 r  clk_IBUF_inst/O
                         net (fo=1, routed)           1.873     3.265    clk_IBUF
    BUFGCTRL_X0Y16       BUFG (Prop_bufg_I_O)         0.085     3.350 r  clk_IBUF_BUFG_inst/O
                         net (fo=26, routed)          1.568     4.918    gen_cnt.i_cnt/clk
    SLICE_X113Y84        FDCE                                         r  gen_cnt.i_cnt/cntr_reg[0]/C
  -------------------------------------------------------------------    -------------------
    SLICE_X113Y84        FDCE (Prop_fdce_C_Q)         0.379     5.297 f  gen_cnt.i_cnt/cntr_reg[0]/Q
                         net (fo=1, routed)           0.395     5.693    gen_cnt.i_cnt/cntr_reg_n_0_[0]
    SLICE_X113Y84        LUT1 (Prop_lut1_I0_O)        0.105     5.798 r  gen_cnt.i_cnt/cntr[0]_i_3/O
                         net (fo=1, routed)           0.000     5.798    gen_cnt.i_cnt/cntr[0]_i_3_n_0
    SLICE_X113Y84        CARRY4 (Prop_carry4_S[0]_CO[3])
                                                      0.440     6.238 r  gen_cnt.i_cnt/cntr_reg[0]_i_1/CO[3]
                         net (fo=1, routed)           0.000     6.238    gen_cnt.i_cnt/cntr_reg[0]_i_1_n_0
    SLICE_X113Y85        CARRY4 (Prop_carry4_CI_CO[3])
                                                      0.098     6.336 r  gen_cnt.i_cnt/cntr_reg[4]_i_1/CO[3]
                         net (fo=1, routed)           0.000     6.336    gen_cnt.i_cnt/cntr_reg[4]_i_1_n_0
    SLICE_X113Y86        CARRY4 (Prop_carry4_CI_CO[3])
                                                      0.098     6.434 r  gen_cnt.i_cnt/cntr_reg[8]_i_1/CO[3]
                         net (fo=1, routed)           0.000     6.434    gen_cnt.i_cnt/cntr_reg[8]_i_1_n_0
    SLICE_X113Y87        CARRY4 (Prop_carry4_CI_CO[3])
                                                      0.098     6.532 r  gen_cnt.i_cnt/cntr_reg[12]_i_1/CO[3]
                         net (fo=1, routed)           0.000     6.532    gen_cnt.i_cnt/cntr_reg[12]_i_1_n_0
    SLICE_X113Y88        CARRY4 (Prop_carry4_CI_O[2])
                                                      0.200     6.732 r  gen_cnt.i_cnt/cntr_reg[16]_i_1/O[2]
                         net (fo=1, routed)           0.000     6.732    gen_cnt.i_cnt/cntr_reg[16]_i_1_n_5
    SLICE_X113Y88        FDCE                                         r  gen_cnt.i_cnt/cntr_reg[18]/D
  -------------------------------------------------------------------    -------------------

                         (clock clk rise edge)       20.000    20.000 r  
    N18                                               0.000    20.000 r  clk (IN)
                         net (fo=0)                   0.000    20.000    clk
    N18                  IBUF (Prop_ibuf_I_O)         1.327    21.327 r  clk_IBUF_inst/O
                         net (fo=1, routed)           1.701    23.028    clk_IBUF
    BUFGCTRL_X0Y16       BUFG (Prop_bufg_I_O)         0.077    23.105 r  clk_IBUF_BUFG_inst/O
                         net (fo=26, routed)          1.412    24.517    gen_cnt.i_cnt/clk
    SLICE_X113Y88        FDCE                                         r  gen_cnt.i_cnt/cntr_reg[18]/C
                         clock pessimism              0.378    24.895    
                         clock uncertainty           -0.035    24.860    
    SLICE_X113Y88        FDCE (Setup_fdce_C_D)        0.059    24.919    gen_cnt.i_cnt/cntr_reg[18]
  -------------------------------------------------------------------
                         required time                         24.919    
                         arrival time                          -6.732    
  -------------------------------------------------------------------
                         slack                                 18.187    

Slack (MET) :             18.206ns  (required time - arrival time)
  Source:                 gen_cnt.i_cnt/cntr_reg[0]/C
                            (rising edge-triggered cell FDCE clocked by clk  {rise@0.000ns fall@10.000ns period=20.000ns})
  Destination:            gen_cnt.i_cnt/cntr_reg[16]/D
                            (rising edge-triggered cell FDCE clocked by clk  {rise@0.000ns fall@10.000ns period=20.000ns})
  Path Group:             clk
  Path Type:              Setup (Max at Slow Process Corner)
  Requirement:            20.000ns  (clk rise@20.000ns - clk rise@0.000ns)
  Data Path Delay:        1.794ns  (logic 1.399ns (77.963%)  route 0.395ns (22.037%))
  Logic Levels:           6  (CARRY4=5 LUT1=1)
  Clock Path Skew:        -0.023ns (DCD - SCD + CPR)
    Destination Clock Delay (DCD):    4.517ns = ( 24.517 - 20.000 ) 
    Source Clock Delay      (SCD):    4.918ns
    Clock Pessimism Removal (CPR):    0.378ns
  Clock Uncertainty:      0.035ns  ((TSJ^2 + TIJ^2)^1/2 + DJ) / 2 + PE
    Total System Jitter     (TSJ):    0.071ns
    Total Input Jitter      (TIJ):    0.000ns
    Discrete Jitter          (DJ):    0.000ns
    Phase Error              (PE):    0.000ns

    Location             Delay type                Incr(ns)  Path(ns)    Netlist Resource(s)
  -------------------------------------------------------------------    -------------------
                         (clock clk rise edge)        0.000     0.000 r  
    N18                                               0.000     0.000 r  clk (IN)
                         net (fo=0)                   0.000     0.000    clk
    N18                  IBUF (Prop_ibuf_I_O)         1.392     1.392 r  clk_IBUF_inst/O
                         net (fo=1, routed)           1.873     3.265    clk_IBUF
    BUFGCTRL_X0Y16       BUFG (Prop_bufg_I_O)         0.085     3.350 r  clk_IBUF_BUFG_inst/O
                         net (fo=26, routed)          1.568     4.918    gen_cnt.i_cnt/clk
    SLICE_X113Y84        FDCE                                         r  gen_cnt.i_cnt/cntr_reg[0]/C
  -------------------------------------------------------------------    -------------------
    SLICE_X113Y84        FDCE (Prop_fdce_C_Q)         0.379     5.297 f  gen_cnt.i_cnt/cntr_reg[0]/Q
                         net (fo=1, routed)           0.395     5.693    gen_cnt.i_cnt/cntr_reg_n_0_[0]
    SLICE_X113Y84        LUT1 (Prop_lut1_I0_O)        0.105     5.798 r  gen_cnt.i_cnt/cntr[0]_i_3/O
                         net (fo=1, routed)           0.000     5.798    gen_cnt.i_cnt/cntr[0]_i_3_n_0
    SLICE_X113Y84        CARRY4 (Prop_carry4_S[0]_CO[3])
                                                      0.440     6.238 r  gen_cnt.i_cnt/cntr_reg[0]_i_1/CO[3]
                         net (fo=1, routed)           0.000     6.238    gen_cnt.i_cnt/cntr_reg[0]_i_1_n_0
    SLICE_X113Y85        CARRY4 (Prop_carry4_CI_CO[3])
                                                      0.098     6.336 r  gen_cnt.i_cnt/cntr_reg[4]_i_1/CO[3]
                         net (fo=1, routed)           0.000     6.336    gen_cnt.i_cnt/cntr_reg[4]_i_1_n_0
    SLICE_X113Y86        CARRY4 (Prop_carry4_CI_CO[3])
                                                      0.098     6.434 r  gen_cnt.i_cnt/cntr_reg[8]_i_1/CO[3]
                         net (fo=1, routed)           0.000     6.434    gen_cnt.i_cnt/cntr_reg[8]_i_1_n_0
    SLICE_X113Y87        CARRY4 (Prop_carry4_CI_CO[3])
                                                      0.098     6.532 r  gen_cnt.i_cnt/cntr_reg[12]_i_1/CO[3]
                         net (fo=1, routed)           0.000     6.532    gen_cnt.i_cnt/cntr_reg[12]_i_1_n_0
    SLICE_X113Y88        CARRY4 (Prop_carry4_CI_O[0])
                                                      0.181     6.713 r  gen_cnt.i_cnt/cntr_reg[16]_i_1/O[0]
                         net (fo=1, routed)           0.000     6.713    gen_cnt.i_cnt/cntr_reg[16]_i_1_n_7
    SLICE_X113Y88        FDCE                                         r  gen_cnt.i_cnt/cntr_reg[16]/D
  -------------------------------------------------------------------    -------------------

                         (clock clk rise edge)       20.000    20.000 r  
    N18                                               0.000    20.000 r  clk (IN)
                         net (fo=0)                   0.000    20.000    clk
    N18                  IBUF (Prop_ibuf_I_O)         1.327    21.327 r  clk_IBUF_inst/O
                         net (fo=1, routed)           1.701    23.028    clk_IBUF
    BUFGCTRL_X0Y16       BUFG (Prop_bufg_I_O)         0.077    23.105 r  clk_IBUF_BUFG_inst/O
                         net (fo=26, routed)          1.412    24.517    gen_cnt.i_cnt/clk
    SLICE_X113Y88        FDCE                                         r  gen_cnt.i_cnt/cntr_reg[16]/C
                         clock pessimism              0.378    24.895    
                         clock uncertainty           -0.035    24.860    
    SLICE_X113Y88        FDCE (Setup_fdce_C_D)        0.059    24.919    gen_cnt.i_cnt/cntr_reg[16]
  -------------------------------------------------------------------
                         required time                         24.919    
                         arrival time                          -6.713    
  -------------------------------------------------------------------
                         slack                                 18.206    





Min Delay Paths
--------------------------------------------------------------------------------------
Slack (MET) :             0.251ns  (arrival time - required time)
  Source:                 gen_cnt.i_cnt/cntr_reg[19]/C
                            (rising edge-triggered cell FDCE clocked by clk  {rise@0.000ns fall@10.000ns period=20.000ns})
  Destination:            gen_cnt.i_cnt/cntr_reg[19]/D
                            (rising edge-triggered cell FDCE clocked by clk  {rise@0.000ns fall@10.000ns period=20.000ns})
  Path Group:             clk
  Path Type:              Hold (Min at Fast Process Corner)
  Requirement:            0.000ns  (clk rise@0.000ns - clk rise@0.000ns)
  Data Path Delay:        0.356ns  (logic 0.249ns (70.029%)  route 0.107ns (29.971%))
  Logic Levels:           1  (CARRY4=1)
  Clock Path Skew:        0.000ns (DCD - SCD - CPR)
    Destination Clock Delay (DCD):    2.083ns
    Source Clock Delay      (SCD):    1.563ns
    Clock Pessimism Removal (CPR):    0.520ns

    Location             Delay type                Incr(ns)  Path(ns)    Netlist Resource(s)
  -------------------------------------------------------------------    -------------------
                         (clock clk rise edge)        0.000     0.000 r  
    N18                                               0.000     0.000 r  clk (IN)
                         net (fo=0)                   0.000     0.000    clk
    N18                  IBUF (Prop_ibuf_I_O)         0.229     0.229 r  clk_IBUF_inst/O
                         net (fo=1, routed)           0.674     0.903    clk_IBUF
    BUFGCTRL_X0Y16       BUFG (Prop_bufg_I_O)         0.026     0.929 r  clk_IBUF_BUFG_inst/O
                         net (fo=26, routed)          0.634     1.563    gen_cnt.i_cnt/clk
    SLICE_X113Y88        FDCE                                         r  gen_cnt.i_cnt/cntr_reg[19]/C
  -------------------------------------------------------------------    -------------------
    SLICE_X113Y88        FDCE (Prop_fdce_C_Q)         0.141     1.704 r  gen_cnt.i_cnt/cntr_reg[19]/Q
                         net (fo=1, routed)           0.107     1.811    gen_cnt.i_cnt/cntr_reg_n_0_[19]
    SLICE_X113Y88        CARRY4 (Prop_carry4_S[3]_O[3])
                                                      0.108     1.919 r  gen_cnt.i_cnt/cntr_reg[16]_i_1/O[3]
                         net (fo=1, routed)           0.000     1.919    gen_cnt.i_cnt/cntr_reg[16]_i_1_n_4
    SLICE_X113Y88        FDCE                                         r  gen_cnt.i_cnt/cntr_reg[19]/D
  -------------------------------------------------------------------    -------------------

                         (clock clk rise edge)        0.000     0.000 r  
    N18                                               0.000     0.000 r  clk (IN)
                         net (fo=0)                   0.000     0.000    clk
    N18                  IBUF (Prop_ibuf_I_O)         0.417     0.417 r  clk_IBUF_inst/O
                         net (fo=1, routed)           0.731     1.148    clk_IBUF
    BUFGCTRL_X0Y16       BUFG (Prop_bufg_I_O)         0.029     1.177 r  clk_IBUF_BUFG_inst/O
                         net (fo=26, routed)          0.906     2.083    gen_cnt.i_cnt/clk
    SLICE_X113Y88        FDCE                                         r  gen_cnt.i_cnt/cntr_reg[19]/C
                         clock pessimism             -0.520     1.563    
    SLICE_X113Y88        FDCE (Hold_fdce_C_D)         0.105     1.668    gen_cnt.i_cnt/cntr_reg[19]
  -------------------------------------------------------------------
                         required time                         -1.668    
                         arrival time                           1.919    
  -------------------------------------------------------------------
                         slack                                  0.251    

Slack (MET) :             0.251ns  (arrival time - required time)
  Source:                 gen_cnt.i_cnt/cntr_reg[23]/C
                            (rising edge-triggered cell FDCE clocked by clk  {rise@0.000ns fall@10.000ns period=20.000ns})
  Destination:            gen_cnt.i_cnt/cntr_reg[23]/D
                            (rising edge-triggered cell FDCE clocked by clk  {rise@0.000ns fall@10.000ns period=20.000ns})
  Path Group:             clk
  Path Type:              Hold (Min at Fast Process Corner)
  Requirement:            0.000ns  (clk rise@0.000ns - clk rise@0.000ns)
  Data Path Delay:        0.356ns  (logic 0.249ns (70.029%)  route 0.107ns (29.971%))
  Logic Levels:           1  (CARRY4=1)
  Clock Path Skew:        0.000ns (DCD - SCD - CPR)
    Destination Clock Delay (DCD):    2.083ns
    Source Clock Delay      (SCD):    1.563ns
    Clock Pessimism Removal (CPR):    0.520ns

    Location             Delay type                Incr(ns)  Path(ns)    Netlist Resource(s)
  -------------------------------------------------------------------    -------------------
                         (clock clk rise edge)        0.000     0.000 r  
    N18                                               0.000     0.000 r  clk (IN)
                         net (fo=0)                   0.000     0.000    clk
    N18                  IBUF (Prop_ibuf_I_O)         0.229     0.229 r  clk_IBUF_inst/O
                         net (fo=1, routed)           0.674     0.903    clk_IBUF
    BUFGCTRL_X0Y16       BUFG (Prop_bufg_I_O)         0.026     0.929 r  clk_IBUF_BUFG_inst/O
                         net (fo=26, routed)          0.634     1.563    gen_cnt.i_cnt/clk
    SLICE_X113Y89        FDCE                                         r  gen_cnt.i_cnt/cntr_reg[23]/C
  -------------------------------------------------------------------    -------------------
    SLICE_X113Y89        FDCE (Prop_fdce_C_Q)         0.141     1.704 r  gen_cnt.i_cnt/cntr_reg[23]/Q
                         net (fo=1, routed)           0.107     1.811    gen_cnt.i_cnt/cntr_reg_n_0_[23]
    SLICE_X113Y89        CARRY4 (Prop_carry4_S[3]_O[3])
                                                      0.108     1.919 r  gen_cnt.i_cnt/cntr_reg[20]_i_1/O[3]
                         net (fo=1, routed)           0.000     1.919    gen_cnt.i_cnt/cntr_reg[20]_i_1_n_4
    SLICE_X113Y89        FDCE                                         r  gen_cnt.i_cnt/cntr_reg[23]/D
  -------------------------------------------------------------------    -------------------

                         (clock clk rise edge)        0.000     0.000 r  
    N18                                               0.000     0.000 r  clk (IN)
                         net (fo=0)                   0.000     0.000    clk
    N18                  IBUF (Prop_ibuf_I_O)         0.417     0.417 r  clk_IBUF_inst/O
                         net (fo=1, routed)           0.731     1.148    clk_IBUF
    BUFGCTRL_X0Y16       BUFG (Prop_bufg_I_O)         0.029     1.177 r  clk_IBUF_BUFG_inst/O
                         net (fo=26, routed)          0.906     2.083    gen_cnt.i_cnt/clk
    SLICE_X113Y89        FDCE                                         r  gen_cnt.i_cnt/cntr_reg[23]/C
                         clock pessimism             -0.520     1.563    
    SLICE_X113Y89        FDCE (Hold_fdce_C_D)         0.105     1.668    gen_cnt.i_cnt/cntr_reg[23]
  -------------------------------------------------------------------
                         required time                         -1.668    
                         arrival time                           1.919    
  -------------------------------------------------------------------
                         slack                                  0.251    

Slack (MET) :             0.251ns  (arrival time - required time)
  Source:                 gen_cnt.i_cnt/cntr_reg[15]/C
                            (rising edge-triggered cell FDCE clocked by clk  {rise@0.000ns fall@10.000ns period=20.000ns})
  Destination:            gen_cnt.i_cnt/cntr_reg[15]/D
                            (rising edge-triggered cell FDCE clocked by clk  {rise@0.000ns fall@10.000ns period=20.000ns})
  Path Group:             clk
  Path Type:              Hold (Min at Fast Process Corner)
  Requirement:            0.000ns  (clk rise@0.000ns - clk rise@0.000ns)
  Data Path Delay:        0.356ns  (logic 0.249ns (70.029%)  route 0.107ns (29.971%))
  Logic Levels:           1  (CARRY4=1)
  Clock Path Skew:        0.000ns (DCD - SCD - CPR)
    Destination Clock Delay (DCD):    2.081ns
    Source Clock Delay      (SCD):    1.562ns
    Clock Pessimism Removal (CPR):    0.519ns

    Location             Delay type                Incr(ns)  Path(ns)    Netlist Resource(s)
  -------------------------------------------------------------------    -------------------
                         (clock clk rise edge)        0.000     0.000 r  
    N18                                               0.000     0.000 r  clk (IN)
                         net (fo=0)                   0.000     0.000    clk
    N18                  IBUF (Prop_ibuf_I_O)         0.229     0.229 r  clk_IBUF_inst/O
                         net (fo=1, routed)           0.674     0.903    clk_IBUF
    BUFGCTRL_X0Y16       BUFG (Prop_bufg_I_O)         0.026     0.929 r  clk_IBUF_BUFG_inst/O
                         net (fo=26, routed)          0.633     1.562    gen_cnt.i_cnt/clk
    SLICE_X113Y87        FDCE                                         r  gen_cnt.i_cnt/cntr_reg[15]/C
  -------------------------------------------------------------------    -------------------
    SLICE_X113Y87        FDCE (Prop_fdce_C_Q)         0.141     1.703 r  gen_cnt.i_cnt/cntr_reg[15]/Q
                         net (fo=1, routed)           0.107     1.810    gen_cnt.i_cnt/cntr_reg_n_0_[15]
    SLICE_X113Y87        CARRY4 (Prop_carry4_S[3]_O[3])
                                                      0.108     1.918 r  gen_cnt.i_cnt/cntr_reg[12]_i_1/O[3]
                         net (fo=1, routed)           0.000     1.918    gen_cnt.i_cnt/cntr_reg[12]_i_1_n_4
    SLICE_X113Y87        FDCE                                         r  gen_cnt.i_cnt/cntr_reg[15]/D
  -------------------------------------------------------------------    -------------------

                         (clock clk rise edge)        0.000     0.000 r  
    N18                                               0.000     0.000 r  clk (IN)
                         net (fo=0)                   0.000     0.000    clk
    N18                  IBUF (Prop_ibuf_I_O)         0.417     0.417 r  clk_IBUF_inst/O
                         net (fo=1, routed)           0.731     1.148    clk_IBUF
    BUFGCTRL_X0Y16       BUFG (Prop_bufg_I_O)         0.029     1.177 r  clk_IBUF_BUFG_inst/O
                         net (fo=26, routed)          0.904     2.081    gen_cnt.i_cnt/clk
    SLICE_X113Y87        FDCE                                         r  gen_cnt.i_cnt/cntr_reg[15]/C
                         clock pessimism             -0.519     1.562    
    SLICE_X113Y87        FDCE (Hold_fdce_C_D)         0.105     1.667    gen_cnt.i_cnt/cntr_reg[15]
  -------------------------------------------------------------------
                         required time                         -1.667    
                         arrival time                           1.918    
  -------------------------------------------------------------------
                         slack                                  0.251    

Slack (MET) :             0.251ns  (arrival time - required time)
  Source:                 gen_cnt.i_cnt/cntr_reg[3]/C
                            (rising edge-triggered cell FDCE clocked by clk  {rise@0.000ns fall@10.000ns period=20.000ns})
  Destination:            gen_cnt.i_cnt/cntr_reg[3]/D
                            (rising edge-triggered cell FDCE clocked by clk  {rise@0.000ns fall@10.000ns period=20.000ns})
  Path Group:             clk
  Path Type:              Hold (Min at Fast Process Corner)
  Requirement:            0.000ns  (clk rise@0.000ns - clk rise@0.000ns)
  Data Path Delay:        0.356ns  (logic 0.249ns (70.029%)  route 0.107ns (29.971%))
  Logic Levels:           1  (CARRY4=1)
  Clock Path Skew:        0.000ns (DCD - SCD - CPR)
    Destination Clock Delay (DCD):    2.079ns
    Source Clock Delay      (SCD):    1.561ns
    Clock Pessimism Removal (CPR):    0.518ns

    Location             Delay type                Incr(ns)  Path(ns)    Netlist Resource(s)
  -------------------------------------------------------------------    -------------------
                         (clock clk rise edge)        0.000     0.000 r  
    N18                                               0.000     0.000 r  clk (IN)
                         net (fo=0)                   0.000     0.000    clk
    N18                  IBUF (Prop_ibuf_I_O)         0.229     0.229 r  clk_IBUF_inst/O
                         net (fo=1, routed)           0.674     0.903    clk_IBUF
    BUFGCTRL_X0Y16       BUFG (Prop_bufg_I_O)         0.026     0.929 r  clk_IBUF_BUFG_inst/O
                         net (fo=26, routed)          0.632     1.561    gen_cnt.i_cnt/clk
    SLICE_X113Y84        FDCE                                         r  gen_cnt.i_cnt/cntr_reg[3]/C
  -------------------------------------------------------------------    -------------------
    SLICE_X113Y84        FDCE (Prop_fdce_C_Q)         0.141     1.702 r  gen_cnt.i_cnt/cntr_reg[3]/Q
                         net (fo=1, routed)           0.107     1.809    gen_cnt.i_cnt/cntr_reg_n_0_[3]
    SLICE_X113Y84        CARRY4 (Prop_carry4_S[3]_O[3])
                                                      0.108     1.917 r  gen_cnt.i_cnt/cntr_reg[0]_i_1/O[3]
                         net (fo=1, routed)           0.000     1.917    gen_cnt.i_cnt/cntr_reg[0]_i_1_n_4
    SLICE_X113Y84        FDCE                                         r  gen_cnt.i_cnt/cntr_reg[3]/D
  -------------------------------------------------------------------    -------------------

                         (clock clk rise edge)        0.000     0.000 r  
    N18                                               0.000     0.000 r  clk (IN)
                         net (fo=0)                   0.000     0.000    clk
    N18                  IBUF (Prop_ibuf_I_O)         0.417     0.417 r  clk_IBUF_inst/O
                         net (fo=1, routed)           0.731     1.148    clk_IBUF
    BUFGCTRL_X0Y16       BUFG (Prop_bufg_I_O)         0.029     1.177 r  clk_IBUF_BUFG_inst/O
                         net (fo=26, routed)          0.902     2.079    gen_cnt.i_cnt/clk
    SLICE_X113Y84        FDCE                                         r  gen_cnt.i_cnt/cntr_reg[3]/C
                         clock pessimism             -0.518     1.561    
    SLICE_X113Y84        FDCE (Hold_fdce_C_D)         0.105     1.666    gen_cnt.i_cnt/cntr_reg[3]
  -------------------------------------------------------------------
                         required time                         -1.666    
                         arrival time                           1.917    
  -------------------------------------------------------------------
                         slack                                  0.251    

Slack (MET) :             0.251ns  (arrival time - required time)
  Source:                 gen_cnt.i_cnt/cntr_reg[11]/C
                            (rising edge-triggered cell FDCE clocked by clk  {rise@0.000ns fall@10.000ns period=20.000ns})
  Destination:            gen_cnt.i_cnt/cntr_reg[11]/D
                            (rising edge-triggered cell FDCE clocked by clk  {rise@0.000ns fall@10.000ns period=20.000ns})
  Path Group:             clk
  Path Type:              Hold (Min at Fast Process Corner)
  Requirement:            0.000ns  (clk rise@0.000ns - clk rise@0.000ns)
  Data Path Delay:        0.356ns  (logic 0.249ns (70.029%)  route 0.107ns (29.971%))
  Logic Levels:           1  (CARRY4=1)
  Clock Path Skew:        0.000ns (DCD - SCD - CPR)
    Destination Clock Delay (DCD):    2.080ns
    Source Clock Delay      (SCD):    1.561ns
    Clock Pessimism Removal (CPR):    0.519ns

    Location             Delay type                Incr(ns)  Path(ns)    Netlist Resource(s)
  -------------------------------------------------------------------    -------------------
                         (clock clk rise edge)        0.000     0.000 r  
    N18                                               0.000     0.000 r  clk (IN)
                         net (fo=0)                   0.000     0.000    clk
    N18                  IBUF (Prop_ibuf_I_O)         0.229     0.229 r  clk_IBUF_inst/O
                         net (fo=1, routed)           0.674     0.903    clk_IBUF
    BUFGCTRL_X0Y16       BUFG (Prop_bufg_I_O)         0.026     0.929 r  clk_IBUF_BUFG_inst/O
                         net (fo=26, routed)          0.632     1.561    gen_cnt.i_cnt/clk
    SLICE_X113Y86        FDCE                                         r  gen_cnt.i_cnt/cntr_reg[11]/C
  -------------------------------------------------------------------    -------------------
    SLICE_X113Y86        FDCE (Prop_fdce_C_Q)         0.141     1.702 r  gen_cnt.i_cnt/cntr_reg[11]/Q
                         net (fo=1, routed)           0.107     1.809    gen_cnt.i_cnt/cntr_reg_n_0_[11]
    SLICE_X113Y86        CARRY4 (Prop_carry4_S[3]_O[3])
                                                      0.108     1.917 r  gen_cnt.i_cnt/cntr_reg[8]_i_1/O[3]
                         net (fo=1, routed)           0.000     1.917    gen_cnt.i_cnt/cntr_reg[8]_i_1_n_4
    SLICE_X113Y86        FDCE                                         r  gen_cnt.i_cnt/cntr_reg[11]/D
  -------------------------------------------------------------------    -------------------

                         (clock clk rise edge)        0.000     0.000 r  
    N18                                               0.000     0.000 r  clk (IN)
                         net (fo=0)                   0.000     0.000    clk
    N18                  IBUF (Prop_ibuf_I_O)         0.417     0.417 r  clk_IBUF_inst/O
                         net (fo=1, routed)           0.731     1.148    clk_IBUF
    BUFGCTRL_X0Y16       BUFG (Prop_bufg_I_O)         0.029     1.177 r  clk_IBUF_BUFG_inst/O
                         net (fo=26, routed)          0.903     2.080    gen_cnt.i_cnt/clk
    SLICE_X113Y86        FDCE                                         r  gen_cnt.i_cnt/cntr_reg[11]/C
                         clock pessimism             -0.519     1.561    
    SLICE_X113Y86        FDCE (Hold_fdce_C_D)         0.105     1.666    gen_cnt.i_cnt/cntr_reg[11]
  -------------------------------------------------------------------
                         required time                         -1.666    
                         arrival time                           1.917    
  -------------------------------------------------------------------
                         slack                                  0.251    

Slack (MET) :             0.251ns  (arrival time - required time)
  Source:                 gen_cnt.i_cnt/cntr_reg[7]/C
                            (rising edge-triggered cell FDCE clocked by clk  {rise@0.000ns fall@10.000ns period=20.000ns})
  Destination:            gen_cnt.i_cnt/cntr_reg[7]/D
                            (rising edge-triggered cell FDCE clocked by clk  {rise@0.000ns fall@10.000ns period=20.000ns})
  Path Group:             clk
  Path Type:              Hold (Min at Fast Process Corner)
  Requirement:            0.000ns  (clk rise@0.000ns - clk rise@0.000ns)
  Data Path Delay:        0.356ns  (logic 0.249ns (70.029%)  route 0.107ns (29.971%))
  Logic Levels:           1  (CARRY4=1)
  Clock Path Skew:        0.000ns (DCD - SCD - CPR)
    Destination Clock Delay (DCD):    2.080ns
    Source Clock Delay      (SCD):    1.561ns
    Clock Pessimism Removal (CPR):    0.519ns

    Location             Delay type                Incr(ns)  Path(ns)    Netlist Resource(s)
  -------------------------------------------------------------------    -------------------
                         (clock clk rise edge)        0.000     0.000 r  
    N18                                               0.000     0.000 r  clk (IN)
                         net (fo=0)                   0.000     0.000    clk
    N18                  IBUF (Prop_ibuf_I_O)         0.229     0.229 r  clk_IBUF_inst/O
                         net (fo=1, routed)           0.674     0.903    clk_IBUF
    BUFGCTRL_X0Y16       BUFG (Prop_bufg_I_O)         0.026     0.929 r  clk_IBUF_BUFG_inst/O
                         net (fo=26, routed)          0.632     1.561    gen_cnt.i_cnt/clk
    SLICE_X113Y85        FDCE                                         r  gen_cnt.i_cnt/cntr_reg[7]/C
  -------------------------------------------------------------------    -------------------
    SLICE_X113Y85        FDCE (Prop_fdce_C_Q)         0.141     1.702 r  gen_cnt.i_cnt/cntr_reg[7]/Q
                         net (fo=1, routed)           0.107     1.809    gen_cnt.i_cnt/cntr_reg_n_0_[7]
    SLICE_X113Y85        CARRY4 (Prop_carry4_S[3]_O[3])
                                                      0.108     1.917 r  gen_cnt.i_cnt/cntr_reg[4]_i_1/O[3]
                         net (fo=1, routed)           0.000     1.917    gen_cnt.i_cnt/cntr_reg[4]_i_1_n_4
    SLICE_X113Y85        FDCE                                         r  gen_cnt.i_cnt/cntr_reg[7]/D
  -------------------------------------------------------------------    -------------------

                         (clock clk rise edge)        0.000     0.000 r  
    N18                                               0.000     0.000 r  clk (IN)
                         net (fo=0)                   0.000     0.000    clk
    N18                  IBUF (Prop_ibuf_I_O)         0.417     0.417 r  clk_IBUF_inst/O
                         net (fo=1, routed)           0.731     1.148    clk_IBUF
    BUFGCTRL_X0Y16       BUFG (Prop_bufg_I_O)         0.029     1.177 r  clk_IBUF_BUFG_inst/O
                         net (fo=26, routed)          0.903     2.080    gen_cnt.i_cnt/clk
    SLICE_X113Y85        FDCE                                         r  gen_cnt.i_cnt/cntr_reg[7]/C
                         clock pessimism             -0.519     1.561    
    SLICE_X113Y85        FDCE (Hold_fdce_C_D)         0.105     1.666    gen_cnt.i_cnt/cntr_reg[7]
  -------------------------------------------------------------------
                         required time                         -1.666    
                         arrival time                           1.917    
  -------------------------------------------------------------------
                         slack                                  0.251    

Slack (MET) :             0.254ns  (arrival time - required time)
  Source:                 gen_cnt.i_cnt/cntr_reg[18]/C
                            (rising edge-triggered cell FDCE clocked by clk  {rise@0.000ns fall@10.000ns period=20.000ns})
  Destination:            gen_cnt.i_cnt/cntr_reg[18]/D
                            (rising edge-triggered cell FDCE clocked by clk  {rise@0.000ns fall@10.000ns period=20.000ns})
  Path Group:             clk
  Path Type:              Hold (Min at Fast Process Corner)
  Requirement:            0.000ns  (clk rise@0.000ns - clk rise@0.000ns)
  Data Path Delay:        0.359ns  (logic 0.252ns (70.177%)  route 0.107ns (29.823%))
  Logic Levels:           1  (CARRY4=1)
  Clock Path Skew:        0.000ns (DCD - SCD - CPR)
    Destination Clock Delay (DCD):    2.083ns
    Source Clock Delay      (SCD):    1.563ns
    Clock Pessimism Removal (CPR):    0.520ns

    Location             Delay type                Incr(ns)  Path(ns)    Netlist Resource(s)
  -------------------------------------------------------------------    -------------------
                         (clock clk rise edge)        0.000     0.000 r  
    N18                                               0.000     0.000 r  clk (IN)
                         net (fo=0)                   0.000     0.000    clk
    N18                  IBUF (Prop_ibuf_I_O)         0.229     0.229 r  clk_IBUF_inst/O
                         net (fo=1, routed)           0.674     0.903    clk_IBUF
    BUFGCTRL_X0Y16       BUFG (Prop_bufg_I_O)         0.026     0.929 r  clk_IBUF_BUFG_inst/O
                         net (fo=26, routed)          0.634     1.563    gen_cnt.i_cnt/clk
    SLICE_X113Y88        FDCE                                         r  gen_cnt.i_cnt/cntr_reg[18]/C
  -------------------------------------------------------------------    -------------------
    SLICE_X113Y88        FDCE (Prop_fdce_C_Q)         0.141     1.704 r  gen_cnt.i_cnt/cntr_reg[18]/Q
                         net (fo=1, routed)           0.107     1.811    gen_cnt.i_cnt/cntr_reg_n_0_[18]
    SLICE_X113Y88        CARRY4 (Prop_carry4_S[2]_O[2])
                                                      0.111     1.922 r  gen_cnt.i_cnt/cntr_reg[16]_i_1/O[2]
                         net (fo=1, routed)           0.000     1.922    gen_cnt.i_cnt/cntr_reg[16]_i_1_n_5
    SLICE_X113Y88        FDCE                                         r  gen_cnt.i_cnt/cntr_reg[18]/D
  -------------------------------------------------------------------    -------------------

                         (clock clk rise edge)        0.000     0.000 r  
    N18                                               0.000     0.000 r  clk (IN)
                         net (fo=0)                   0.000     0.000    clk
    N18                  IBUF (Prop_ibuf_I_O)         0.417     0.417 r  clk_IBUF_inst/O
                         net (fo=1, routed)           0.731     1.148    clk_IBUF
    BUFGCTRL_X0Y16       BUFG (Prop_bufg_I_O)         0.029     1.177 r  clk_IBUF_BUFG_inst/O
                         net (fo=26, routed)          0.906     2.083    gen_cnt.i_cnt/clk
    SLICE_X113Y88        FDCE                                         r  gen_cnt.i_cnt/cntr_reg[18]/C
                         clock pessimism             -0.520     1.563    
    SLICE_X113Y88        FDCE (Hold_fdce_C_D)         0.105     1.668    gen_cnt.i_cnt/cntr_reg[18]
  -------------------------------------------------------------------
                         required time                         -1.668    
                         arrival time                           1.922    
  -------------------------------------------------------------------
                         slack                                  0.254    

Slack (MET) :             0.254ns  (arrival time - required time)
  Source:                 gen_cnt.i_cnt/cntr_reg[22]/C
                            (rising edge-triggered cell FDCE clocked by clk  {rise@0.000ns fall@10.000ns period=20.000ns})
  Destination:            gen_cnt.i_cnt/cntr_reg[22]/D
                            (rising edge-triggered cell FDCE clocked by clk  {rise@0.000ns fall@10.000ns period=20.000ns})
  Path Group:             clk
  Path Type:              Hold (Min at Fast Process Corner)
  Requirement:            0.000ns  (clk rise@0.000ns - clk rise@0.000ns)
  Data Path Delay:        0.359ns  (logic 0.252ns (70.177%)  route 0.107ns (29.823%))
  Logic Levels:           1  (CARRY4=1)
  Clock Path Skew:        0.000ns (DCD - SCD - CPR)
    Destination Clock Delay (DCD):    2.083ns
    Source Clock Delay      (SCD):    1.563ns
    Clock Pessimism Removal (CPR):    0.520ns

    Location             Delay type                Incr(ns)  Path(ns)    Netlist Resource(s)
  -------------------------------------------------------------------    -------------------
                         (clock clk rise edge)        0.000     0.000 r  
    N18                                               0.000     0.000 r  clk (IN)
                         net (fo=0)                   0.000     0.000    clk
    N18                  IBUF (Prop_ibuf_I_O)         0.229     0.229 r  clk_IBUF_inst/O
                         net (fo=1, routed)           0.674     0.903    clk_IBUF
    BUFGCTRL_X0Y16       BUFG (Prop_bufg_I_O)         0.026     0.929 r  clk_IBUF_BUFG_inst/O
                         net (fo=26, routed)          0.634     1.563    gen_cnt.i_cnt/clk
    SLICE_X113Y89        FDCE                                         r  gen_cnt.i_cnt/cntr_reg[22]/C
  -------------------------------------------------------------------    -------------------
    SLICE_X113Y89        FDCE (Prop_fdce_C_Q)         0.141     1.704 r  gen_cnt.i_cnt/cntr_reg[22]/Q
                         net (fo=1, routed)           0.107     1.811    gen_cnt.i_cnt/cntr_reg_n_0_[22]
    SLICE_X113Y89        CARRY4 (Prop_carry4_S[2]_O[2])
                                                      0.111     1.922 r  gen_cnt.i_cnt/cntr_reg[20]_i_1/O[2]
                         net (fo=1, routed)           0.000     1.922    gen_cnt.i_cnt/cntr_reg[20]_i_1_n_5
    SLICE_X113Y89        FDCE                                         r  gen_cnt.i_cnt/cntr_reg[22]/D
  -------------------------------------------------------------------    -------------------

                         (clock clk rise edge)        0.000     0.000 r  
    N18                                               0.000     0.000 r  clk (IN)
                         net (fo=0)                   0.000     0.000    clk
    N18                  IBUF (Prop_ibuf_I_O)         0.417     0.417 r  clk_IBUF_inst/O
                         net (fo=1, routed)           0.731     1.148    clk_IBUF
    BUFGCTRL_X0Y16       BUFG (Prop_bufg_I_O)         0.029     1.177 r  clk_IBUF_BUFG_inst/O
                         net (fo=26, routed)          0.906     2.083    gen_cnt.i_cnt/clk
    SLICE_X113Y89        FDCE                                         r  gen_cnt.i_cnt/cntr_reg[22]/C
                         clock pessimism             -0.520     1.563    
    SLICE_X113Y89        FDCE (Hold_fdce_C_D)         0.105     1.668    gen_cnt.i_cnt/cntr_reg[22]
  -------------------------------------------------------------------
                         required time                         -1.668    
                         arrival time                           1.922    
  -------------------------------------------------------------------
                         slack                                  0.254    

Slack (MET) :             0.254ns  (arrival time - required time)
  Source:                 gen_cnt.i_cnt/cntr_reg[14]/C
                            (rising edge-triggered cell FDCE clocked by clk  {rise@0.000ns fall@10.000ns period=20.000ns})
  Destination:            gen_cnt.i_cnt/cntr_reg[14]/D
                            (rising edge-triggered cell FDCE clocked by clk  {rise@0.000ns fall@10.000ns period=20.000ns})
  Path Group:             clk
  Path Type:              Hold (Min at Fast Process Corner)
  Requirement:            0.000ns  (clk rise@0.000ns - clk rise@0.000ns)
  Data Path Delay:        0.359ns  (logic 0.252ns (70.177%)  route 0.107ns (29.823%))
  Logic Levels:           1  (CARRY4=1)
  Clock Path Skew:        0.000ns (DCD - SCD - CPR)
    Destination Clock Delay (DCD):    2.081ns
    Source Clock Delay      (SCD):    1.562ns
    Clock Pessimism Removal (CPR):    0.519ns

    Location             Delay type                Incr(ns)  Path(ns)    Netlist Resource(s)
  -------------------------------------------------------------------    -------------------
                         (clock clk rise edge)        0.000     0.000 r  
    N18                                               0.000     0.000 r  clk (IN)
                         net (fo=0)                   0.000     0.000    clk
    N18                  IBUF (Prop_ibuf_I_O)         0.229     0.229 r  clk_IBUF_inst/O
                         net (fo=1, routed)           0.674     0.903    clk_IBUF
    BUFGCTRL_X0Y16       BUFG (Prop_bufg_I_O)         0.026     0.929 r  clk_IBUF_BUFG_inst/O
                         net (fo=26, routed)          0.633     1.562    gen_cnt.i_cnt/clk
    SLICE_X113Y87        FDCE                                         r  gen_cnt.i_cnt/cntr_reg[14]/C
  -------------------------------------------------------------------    -------------------
    SLICE_X113Y87        FDCE (Prop_fdce_C_Q)         0.141     1.703 r  gen_cnt.i_cnt/cntr_reg[14]/Q
                         net (fo=1, routed)           0.107     1.810    gen_cnt.i_cnt/cntr_reg_n_0_[14]
    SLICE_X113Y87        CARRY4 (Prop_carry4_S[2]_O[2])
                                                      0.111     1.921 r  gen_cnt.i_cnt/cntr_reg[12]_i_1/O[2]
                         net (fo=1, routed)           0.000     1.921    gen_cnt.i_cnt/cntr_reg[12]_i_1_n_5
    SLICE_X113Y87        FDCE                                         r  gen_cnt.i_cnt/cntr_reg[14]/D
  -------------------------------------------------------------------    -------------------

                         (clock clk rise edge)        0.000     0.000 r  
    N18                                               0.000     0.000 r  clk (IN)
                         net (fo=0)                   0.000     0.000    clk
    N18                  IBUF (Prop_ibuf_I_O)         0.417     0.417 r  clk_IBUF_inst/O
                         net (fo=1, routed)           0.731     1.148    clk_IBUF
    BUFGCTRL_X0Y16       BUFG (Prop_bufg_I_O)         0.029     1.177 r  clk_IBUF_BUFG_inst/O
                         net (fo=26, routed)          0.904     2.081    gen_cnt.i_cnt/clk
    SLICE_X113Y87        FDCE                                         r  gen_cnt.i_cnt/cntr_reg[14]/C
                         clock pessimism             -0.519     1.562    
    SLICE_X113Y87        FDCE (Hold_fdce_C_D)         0.105     1.667    gen_cnt.i_cnt/cntr_reg[14]
  -------------------------------------------------------------------
                         required time                         -1.667    
                         arrival time                           1.921    
  -------------------------------------------------------------------
                         slack                                  0.254    

Slack (MET) :             0.254ns  (arrival time - required time)
  Source:                 gen_cnt.i_cnt/cntr_reg[2]/C
                            (rising edge-triggered cell FDCE clocked by clk  {rise@0.000ns fall@10.000ns period=20.000ns})
  Destination:            gen_cnt.i_cnt/cntr_reg[2]/D
                            (rising edge-triggered cell FDCE clocked by clk  {rise@0.000ns fall@10.000ns period=20.000ns})
  Path Group:             clk
  Path Type:              Hold (Min at Fast Process Corner)
  Requirement:            0.000ns  (clk rise@0.000ns - clk rise@0.000ns)
  Data Path Delay:        0.359ns  (logic 0.252ns (70.177%)  route 0.107ns (29.823%))
  Logic Levels:           1  (CARRY4=1)
  Clock Path Skew:        0.000ns (DCD - SCD - CPR)
    Destination Clock Delay (DCD):    2.079ns
    Source Clock Delay      (SCD):    1.561ns
    Clock Pessimism Removal (CPR):    0.518ns

    Location             Delay type                Incr(ns)  Path(ns)    Netlist Resource(s)
  -------------------------------------------------------------------    -------------------
                         (clock clk rise edge)        0.000     0.000 r  
    N18                                               0.000     0.000 r  clk (IN)
                         net (fo=0)                   0.000     0.000    clk
    N18                  IBUF (Prop_ibuf_I_O)         0.229     0.229 r  clk_IBUF_inst/O
                         net (fo=1, routed)           0.674     0.903    clk_IBUF
    BUFGCTRL_X0Y16       BUFG (Prop_bufg_I_O)         0.026     0.929 r  clk_IBUF_BUFG_inst/O
                         net (fo=26, routed)          0.632     1.561    gen_cnt.i_cnt/clk
    SLICE_X113Y84        FDCE                                         r  gen_cnt.i_cnt/cntr_reg[2]/C
  -------------------------------------------------------------------    -------------------
    SLICE_X113Y84        FDCE (Prop_fdce_C_Q)         0.141     1.702 r  gen_cnt.i_cnt/cntr_reg[2]/Q
                         net (fo=1, routed)           0.107     1.809    gen_cnt.i_cnt/cntr_reg_n_0_[2]
    SLICE_X113Y84        CARRY4 (Prop_carry4_S[2]_O[2])
                                                      0.111     1.920 r  gen_cnt.i_cnt/cntr_reg[0]_i_1/O[2]
                         net (fo=1, routed)           0.000     1.920    gen_cnt.i_cnt/cntr_reg[0]_i_1_n_5
    SLICE_X113Y84        FDCE                                         r  gen_cnt.i_cnt/cntr_reg[2]/D
  -------------------------------------------------------------------    -------------------

                         (clock clk rise edge)        0.000     0.000 r  
    N18                                               0.000     0.000 r  clk (IN)
                         net (fo=0)                   0.000     0.000    clk
    N18                  IBUF (Prop_ibuf_I_O)         0.417     0.417 r  clk_IBUF_inst/O
                         net (fo=1, routed)           0.731     1.148    clk_IBUF
    BUFGCTRL_X0Y16       BUFG (Prop_bufg_I_O)         0.029     1.177 r  clk_IBUF_BUFG_inst/O
                         net (fo=26, routed)          0.902     2.079    gen_cnt.i_cnt/clk
    SLICE_X113Y84        FDCE                                         r  gen_cnt.i_cnt/cntr_reg[2]/C
                         clock pessimism             -0.518     1.561    
    SLICE_X113Y84        FDCE (Hold_fdce_C_D)         0.105     1.666    gen_cnt.i_cnt/cntr_reg[2]
  -------------------------------------------------------------------
                         required time                         -1.666    
                         arrival time                           1.920    
  -------------------------------------------------------------------
                         slack                                  0.254    





Pulse Width Checks
--------------------------------------------------------------------------------------
Clock Name:         clk
Waveform(ns):       { 0.000 10.000 }
Period(ns):         20.000
Sources:            { clk }

Check Type        Corner  Lib Pin  Reference Pin  Required(ns)  Actual(ns)  Slack(ns)  Location        Pin
Min Period        n/a     BUFG/I   n/a            1.592         20.000      18.408     BUFGCTRL_X0Y16  clk_IBUF_BUFG_inst/I
Min Period        n/a     FDCE/C   n/a            1.000         20.000      19.000     SLICE_X113Y84   gen_cnt.i_cnt/cntr_reg[0]/C
Min Period        n/a     FDCE/C   n/a            1.000         20.000      19.000     SLICE_X113Y86   gen_cnt.i_cnt/cntr_reg[10]/C
Min Period        n/a     FDCE/C   n/a            1.000         20.000      19.000     SLICE_X113Y86   gen_cnt.i_cnt/cntr_reg[11]/C
Min Period        n/a     FDCE/C   n/a            1.000         20.000      19.000     SLICE_X113Y87   gen_cnt.i_cnt/cntr_reg[12]/C
Min Period        n/a     FDCE/C   n/a            1.000         20.000      19.000     SLICE_X113Y87   gen_cnt.i_cnt/cntr_reg[13]/C
Min Period        n/a     FDCE/C   n/a            1.000         20.000      19.000     SLICE_X113Y87   gen_cnt.i_cnt/cntr_reg[14]/C
Min Period        n/a     FDCE/C   n/a            1.000         20.000      19.000     SLICE_X113Y87   gen_cnt.i_cnt/cntr_reg[15]/C
Min Period        n/a     FDCE/C   n/a            1.000         20.000      19.000     SLICE_X113Y88   gen_cnt.i_cnt/cntr_reg[16]/C
Min Period        n/a     FDCE/C   n/a            1.000         20.000      19.000     SLICE_X113Y88   gen_cnt.i_cnt/cntr_reg[17]/C
Low Pulse Width   Slow    FDCE/C   n/a            0.500         10.000      9.500      SLICE_X113Y84   gen_cnt.i_cnt/cntr_reg[0]/C
Low Pulse Width   Fast    FDCE/C   n/a            0.500         10.000      9.500      SLICE_X113Y84   gen_cnt.i_cnt/cntr_reg[0]/C
Low Pulse Width   Slow    FDCE/C   n/a            0.500         10.000      9.500      SLICE_X113Y86   gen_cnt.i_cnt/cntr_reg[10]/C
Low Pulse Width   Fast    FDCE/C   n/a            0.500         10.000      9.500      SLICE_X113Y86   gen_cnt.i_cnt/cntr_reg[10]/C
Low Pulse Width   Slow    FDCE/C   n/a            0.500         10.000      9.500      SLICE_X113Y86   gen_cnt.i_cnt/cntr_reg[11]/C
Low Pulse Width   Fast    FDCE/C   n/a            0.500         10.000      9.500      SLICE_X113Y86   gen_cnt.i_cnt/cntr_reg[11]/C
Low Pulse Width   Slow    FDCE/C   n/a            0.500         10.000      9.500      SLICE_X113Y87   gen_cnt.i_cnt/cntr_reg[12]/C
Low Pulse Width   Fast    FDCE/C   n/a            0.500         10.000      9.500      SLICE_X113Y87   gen_cnt.i_cnt/cntr_reg[12]/C
Low Pulse Width   Slow    FDCE/C   n/a            0.500         10.000      9.500      SLICE_X113Y87   gen_cnt.i_cnt/cntr_reg[13]/C
Low Pulse Width   Fast    FDCE/C   n/a            0.500         10.000      9.500      SLICE_X113Y87   gen_cnt.i_cnt/cntr_reg[13]/C
High Pulse Width  Slow    FDCE/C   n/a            0.500         10.000      9.500      SLICE_X113Y84   gen_cnt.i_cnt/cntr_reg[0]/C
High Pulse Width  Fast    FDCE/C   n/a            0.500         10.000      9.500      SLICE_X113Y84   gen_cnt.i_cnt/cntr_reg[0]/C
High Pulse Width  Slow    FDCE/C   n/a            0.500         10.000      9.500      SLICE_X113Y86   gen_cnt.i_cnt/cntr_reg[10]/C
High Pulse Width  Fast    FDCE/C   n/a            0.500         10.000      9.500      SLICE_X113Y86   gen_cnt.i_cnt/cntr_reg[10]/C
High Pulse Width  Slow    FDCE/C   n/a            0.500         10.000      9.500      SLICE_X113Y86   gen_cnt.i_cnt/cntr_reg[11]/C
High Pulse Width  Fast    FDCE/C   n/a            0.500         10.000      9.500      SLICE_X113Y86   gen_cnt.i_cnt/cntr_reg[11]/C
High Pulse Width  Slow    FDCE/C   n/a            0.500         10.000      9.500      SLICE_X113Y87   gen_cnt.i_cnt/cntr_reg[12]/C
High Pulse Width  Fast    FDCE/C   n/a            0.500         10.000      9.500      SLICE_X113Y87   gen_cnt.i_cnt/cntr_reg[12]/C
High Pulse Width  Slow    FDCE/C   n/a            0.500         10.000      9.500      SLICE_X113Y87   gen_cnt.i_cnt/cntr_reg[13]/C
High Pulse Width  Fast    FDCE/C   n/a            0.500         10.000      9.500      SLICE_X113Y87   gen_cnt.i_cnt/cntr_reg[13]/C



--------------------------------------------------------------------------------------
Path Group:  (none)
From Clock:  clk
  To Clock:  

Max Delay             1 Endpoint
Min Delay             1 Endpoint
--------------------------------------------------------------------------------------


Max Delay Paths
--------------------------------------------------------------------------------------
Slack:                    inf
  Source:                 gen_cnt.i_cnt/cntr_reg[25]/C
                            (rising edge-triggered cell FDCE clocked by clk  {rise@0.000ns fall@10.000ns period=20.000ns})
  Destination:            led
                            (output port)
  Path Group:             (none)
  Path Type:              Max at Slow Process Corner
  Data Path Delay:        5.077ns  (logic 3.654ns (71.975%)  route 1.423ns (28.025%))
  Logic Levels:           1  (OBUF=1)
  Clock Uncertainty:      0.025ns  ((TSJ^2 + TIJ^2)^1/2 + DJ) / 2 + PE
    Total System Jitter     (TSJ):    0.050ns
    Total Input Jitter      (TIJ):    0.000ns
    Discrete Jitter          (DJ):    0.000ns
    Phase Error              (PE):    0.000ns

    Location             Delay type                Incr(ns)  Path(ns)    Netlist Resource(s)
  -------------------------------------------------------------------    -------------------
                         (clock clk rise edge)        0.000     0.000 r  
    N18                                               0.000     0.000 r  clk (IN)
                         net (fo=0)                   0.000     0.000    clk
    N18                  IBUF (Prop_ibuf_I_O)         1.392     1.392 r  clk_IBUF_inst/O
                         net (fo=1, routed)           1.873     3.265    clk_IBUF
    BUFGCTRL_X0Y16       BUFG (Prop_bufg_I_O)         0.085     3.350 r  clk_IBUF_BUFG_inst/O
                         net (fo=26, routed)          1.574     4.924    gen_cnt.i_cnt/clk
    SLICE_X113Y90        FDCE                                         r  gen_cnt.i_cnt/cntr_reg[25]/C
  -------------------------------------------------------------------    -------------------
    SLICE_X113Y90        FDCE (Prop_fdce_C_Q)         0.379     5.303 r  gen_cnt.i_cnt/cntr_reg[25]/Q
                         net (fo=2, routed)           1.423     6.726    led_OBUF
    R14                  OBUF (Prop_obuf_I_O)         3.275    10.002 r  led_OBUF_inst/O
                         net (fo=0)                   0.000    10.002    led
    R14                                                               r  led (OUT)
  -------------------------------------------------------------------    -------------------





Min Delay Paths
--------------------------------------------------------------------------------------
Slack:                    inf
  Source:                 gen_cnt.i_cnt/cntr_reg[25]/C
                            (rising edge-triggered cell FDCE clocked by clk  {rise@0.000ns fall@10.000ns period=20.000ns})
  Destination:            led
                            (output port)
  Path Group:             (none)
  Path Type:              Min at Fast Process Corner
  Data Path Delay:        1.736ns  (logic 1.372ns (79.033%)  route 0.364ns (20.967%))
  Logic Levels:           1  (OBUF=1)
  Clock Uncertainty:      0.025ns  ((TSJ^2 + TIJ^2)^1/2 + DJ) / 2 + PE
    Total System Jitter     (TSJ):    0.050ns
    Total Input Jitter      (TIJ):    0.000ns
    Discrete Jitter          (DJ):    0.000ns
    Phase Error              (PE):    0.000ns

    Location             Delay type                Incr(ns)  Path(ns)    Netlist Resource(s)
  -------------------------------------------------------------------    -------------------
                         (clock clk rise edge)        0.000     0.000 r  
    N18                                               0.000     0.000 r  clk (IN)
                         net (fo=0)                   0.000     0.000    clk
    N18                  IBUF (Prop_ibuf_I_O)         0.229     0.229 r  clk_IBUF_inst/O
                         net (fo=1, routed)           0.674     0.903    clk_IBUF
    BUFGCTRL_X0Y16       BUFG (Prop_bufg_I_O)         0.026     0.929 r  clk_IBUF_BUFG_inst/O
                         net (fo=26, routed)          0.635     1.564    gen_cnt.i_cnt/clk
    SLICE_X113Y90        FDCE                                         r  gen_cnt.i_cnt/cntr_reg[25]/C
  -------------------------------------------------------------------    -------------------
    SLICE_X113Y90        FDCE (Prop_fdce_C_Q)         0.141     1.705 r  gen_cnt.i_cnt/cntr_reg[25]/Q
                         net (fo=2, routed)           0.364     2.069    led_OBUF
    R14                  OBUF (Prop_obuf_I_O)         1.231     3.300 r  led_OBUF_inst/O
                         net (fo=0)                   0.000     3.300    led
    R14                                                               r  led (OUT)
  -------------------------------------------------------------------    -------------------





--------------------------------------------------------------------------------------
Path Group:  (none)
From Clock:  
  To Clock:  clk

Max Delay            26 Endpoints
Min Delay            26 Endpoints
--------------------------------------------------------------------------------------


Max Delay Paths
--------------------------------------------------------------------------------------
Slack:                    inf
  Source:                 reset_n
                            (input port)
  Destination:            gen_cnt.i_cnt/cntr_reg[24]/CLR
                            (recovery check against rising-edge clock clk  {rise@0.000ns fall@10.000ns period=20.000ns})
  Path Group:             (none)
  Path Type:              Recovery (Max at Slow Process Corner)
  Data Path Delay:        3.260ns  (logic 1.539ns (47.190%)  route 1.722ns (52.810%))
  Logic Levels:           2  (IBUF=1 LUT1=1)
  Clock Path Skew:        4.519ns (DCD - SCD + CPR)
    Destination Clock Delay (DCD):    4.519ns
    Source Clock Delay      (SCD):    0.000ns
    Clock Pessimism Removal (CPR):    0.000ns
  Clock Uncertainty:      0.025ns  ((TSJ^2 + TIJ^2)^1/2 + DJ) / 2 + PE
    Total System Jitter     (TSJ):    0.050ns
    Total Input Jitter      (TIJ):    0.000ns
    Discrete Jitter          (DJ):    0.000ns
    Phase Error              (PE):    0.000ns

    Location             Delay type                Incr(ns)  Path(ns)    Netlist Resource(s)
  -------------------------------------------------------------------    -------------------
    P14                                               0.000     0.000 r  reset_n (IN)
                         net (fo=0)                   0.000     0.000    reset_n
    P14                  IBUF (Prop_ibuf_I_O)         1.434     1.434 r  reset_n_IBUF_inst/O
                         net (fo=1, routed)           0.877     2.310    gen_cnt.i_cnt/reset_n_IBUF
    SLICE_X112Y88        LUT1 (Prop_lut1_I0_O)        0.105     2.415 f  gen_cnt.i_cnt/cntr[0]_i_2/O
                         net (fo=26, routed)          0.845     3.260    gen_cnt.i_cnt/cntr[0]_i_2_n_0
    SLICE_X113Y90        FDCE                                         f  gen_cnt.i_cnt/cntr_reg[24]/CLR
  -------------------------------------------------------------------    -------------------

                         (clock clk rise edge)        0.000     0.000 r  
    N18                                               0.000     0.000 r  clk (IN)
                         net (fo=0)                   0.000     0.000    clk
    N18                  IBUF (Prop_ibuf_I_O)         1.327     1.327 r  clk_IBUF_inst/O
                         net (fo=1, routed)           1.701     3.028    clk_IBUF
    BUFGCTRL_X0Y16       BUFG (Prop_bufg_I_O)         0.077     3.105 r  clk_IBUF_BUFG_inst/O
                         net (fo=26, routed)          1.414     4.519    gen_cnt.i_cnt/clk
    SLICE_X113Y90        FDCE                                         r  gen_cnt.i_cnt/cntr_reg[24]/C

Slack:                    inf
  Source:                 reset_n
                            (input port)
  Destination:            gen_cnt.i_cnt/cntr_reg[25]/CLR
                            (recovery check against rising-edge clock clk  {rise@0.000ns fall@10.000ns period=20.000ns})
  Path Group:             (none)
  Path Type:              Recovery (Max at Slow Process Corner)
  Data Path Delay:        3.260ns  (logic 1.539ns (47.190%)  route 1.722ns (52.810%))
  Logic Levels:           2  (IBUF=1 LUT1=1)
  Clock Path Skew:        4.519ns (DCD - SCD + CPR)
    Destination Clock Delay (DCD):    4.519ns
    Source Clock Delay      (SCD):    0.000ns
    Clock Pessimism Removal (CPR):    0.000ns
  Clock Uncertainty:      0.025ns  ((TSJ^2 + TIJ^2)^1/2 + DJ) / 2 + PE
    Total System Jitter     (TSJ):    0.050ns
    Total Input Jitter      (TIJ):    0.000ns
    Discrete Jitter          (DJ):    0.000ns
    Phase Error              (PE):    0.000ns

    Location             Delay type                Incr(ns)  Path(ns)    Netlist Resource(s)
  -------------------------------------------------------------------    -------------------
    P14                                               0.000     0.000 r  reset_n (IN)
                         net (fo=0)                   0.000     0.000    reset_n
    P14                  IBUF (Prop_ibuf_I_O)         1.434     1.434 r  reset_n_IBUF_inst/O
                         net (fo=1, routed)           0.877     2.310    gen_cnt.i_cnt/reset_n_IBUF
    SLICE_X112Y88        LUT1 (Prop_lut1_I0_O)        0.105     2.415 f  gen_cnt.i_cnt/cntr[0]_i_2/O
                         net (fo=26, routed)          0.845     3.260    gen_cnt.i_cnt/cntr[0]_i_2_n_0
    SLICE_X113Y90        FDCE                                         f  gen_cnt.i_cnt/cntr_reg[25]/CLR
  -------------------------------------------------------------------    -------------------

                         (clock clk rise edge)        0.000     0.000 r  
    N18                                               0.000     0.000 r  clk (IN)
                         net (fo=0)                   0.000     0.000    clk
    N18                  IBUF (Prop_ibuf_I_O)         1.327     1.327 r  clk_IBUF_inst/O
                         net (fo=1, routed)           1.701     3.028    clk_IBUF
    BUFGCTRL_X0Y16       BUFG (Prop_bufg_I_O)         0.077     3.105 r  clk_IBUF_BUFG_inst/O
                         net (fo=26, routed)          1.414     4.519    gen_cnt.i_cnt/clk
    SLICE_X113Y90        FDCE                                         r  gen_cnt.i_cnt/cntr_reg[25]/C

Slack:                    inf
  Source:                 reset_n
                            (input port)
  Destination:            gen_cnt.i_cnt/cntr_reg[0]/CLR
                            (recovery check against rising-edge clock clk  {rise@0.000ns fall@10.000ns period=20.000ns})
  Path Group:             (none)
  Path Type:              Recovery (Max at Slow Process Corner)
  Data Path Delay:        3.253ns  (logic 1.539ns (47.299%)  route 1.714ns (52.701%))
  Logic Levels:           2  (IBUF=1 LUT1=1)
  Clock Path Skew:        4.514ns (DCD - SCD + CPR)
    Destination Clock Delay (DCD):    4.514ns
    Source Clock Delay      (SCD):    0.000ns
    Clock Pessimism Removal (CPR):    0.000ns
  Clock Uncertainty:      0.025ns  ((TSJ^2 + TIJ^2)^1/2 + DJ) / 2 + PE
    Total System Jitter     (TSJ):    0.050ns
    Total Input Jitter      (TIJ):    0.000ns
    Discrete Jitter          (DJ):    0.000ns
    Phase Error              (PE):    0.000ns

    Location             Delay type                Incr(ns)  Path(ns)    Netlist Resource(s)
  -------------------------------------------------------------------    -------------------
    P14                                               0.000     0.000 r  reset_n (IN)
                         net (fo=0)                   0.000     0.000    reset_n
    P14                  IBUF (Prop_ibuf_I_O)         1.434     1.434 r  reset_n_IBUF_inst/O
                         net (fo=1, routed)           0.877     2.310    gen_cnt.i_cnt/reset_n_IBUF
    SLICE_X112Y88        LUT1 (Prop_lut1_I0_O)        0.105     2.415 f  gen_cnt.i_cnt/cntr[0]_i_2/O
                         net (fo=26, routed)          0.837     3.253    gen_cnt.i_cnt/cntr[0]_i_2_n_0
    SLICE_X113Y84        FDCE                                         f  gen_cnt.i_cnt/cntr_reg[0]/CLR
  -------------------------------------------------------------------    -------------------

                         (clock clk rise edge)        0.000     0.000 r  
    N18                                               0.000     0.000 r  clk (IN)
                         net (fo=0)                   0.000     0.000    clk
    N18                  IBUF (Prop_ibuf_I_O)         1.327     1.327 r  clk_IBUF_inst/O
                         net (fo=1, routed)           1.701     3.028    clk_IBUF
    BUFGCTRL_X0Y16       BUFG (Prop_bufg_I_O)         0.077     3.105 r  clk_IBUF_BUFG_inst/O
                         net (fo=26, routed)          1.409     4.514    gen_cnt.i_cnt/clk
    SLICE_X113Y84        FDCE                                         r  gen_cnt.i_cnt/cntr_reg[0]/C

Slack:                    inf
  Source:                 reset_n
                            (input port)
  Destination:            gen_cnt.i_cnt/cntr_reg[1]/CLR
                            (recovery check against rising-edge clock clk  {rise@0.000ns fall@10.000ns period=20.000ns})
  Path Group:             (none)
  Path Type:              Recovery (Max at Slow Process Corner)
  Data Path Delay:        3.253ns  (logic 1.539ns (47.299%)  route 1.714ns (52.701%))
  Logic Levels:           2  (IBUF=1 LUT1=1)
  Clock Path Skew:        4.514ns (DCD - SCD + CPR)
    Destination Clock Delay (DCD):    4.514ns
    Source Clock Delay      (SCD):    0.000ns
    Clock Pessimism Removal (CPR):    0.000ns
  Clock Uncertainty:      0.025ns  ((TSJ^2 + TIJ^2)^1/2 + DJ) / 2 + PE
    Total System Jitter     (TSJ):    0.050ns
    Total Input Jitter      (TIJ):    0.000ns
    Discrete Jitter          (DJ):    0.000ns
    Phase Error              (PE):    0.000ns

    Location             Delay type                Incr(ns)  Path(ns)    Netlist Resource(s)
  -------------------------------------------------------------------    -------------------
    P14                                               0.000     0.000 r  reset_n (IN)
                         net (fo=0)                   0.000     0.000    reset_n
    P14                  IBUF (Prop_ibuf_I_O)         1.434     1.434 r  reset_n_IBUF_inst/O
                         net (fo=1, routed)           0.877     2.310    gen_cnt.i_cnt/reset_n_IBUF
    SLICE_X112Y88        LUT1 (Prop_lut1_I0_O)        0.105     2.415 f  gen_cnt.i_cnt/cntr[0]_i_2/O
                         net (fo=26, routed)          0.837     3.253    gen_cnt.i_cnt/cntr[0]_i_2_n_0
    SLICE_X113Y84        FDCE                                         f  gen_cnt.i_cnt/cntr_reg[1]/CLR
  -------------------------------------------------------------------    -------------------

                         (clock clk rise edge)        0.000     0.000 r  
    N18                                               0.000     0.000 r  clk (IN)
                         net (fo=0)                   0.000     0.000    clk
    N18                  IBUF (Prop_ibuf_I_O)         1.327     1.327 r  clk_IBUF_inst/O
                         net (fo=1, routed)           1.701     3.028    clk_IBUF
    BUFGCTRL_X0Y16       BUFG (Prop_bufg_I_O)         0.077     3.105 r  clk_IBUF_BUFG_inst/O
                         net (fo=26, routed)          1.409     4.514    gen_cnt.i_cnt/clk
    SLICE_X113Y84        FDCE                                         r  gen_cnt.i_cnt/cntr_reg[1]/C

Slack:                    inf
  Source:                 reset_n
                            (input port)
  Destination:            gen_cnt.i_cnt/cntr_reg[2]/CLR
                            (recovery check against rising-edge clock clk  {rise@0.000ns fall@10.000ns period=20.000ns})
  Path Group:             (none)
  Path Type:              Recovery (Max at Slow Process Corner)
  Data Path Delay:        3.253ns  (logic 1.539ns (47.299%)  route 1.714ns (52.701%))
  Logic Levels:           2  (IBUF=1 LUT1=1)
  Clock Path Skew:        4.514ns (DCD - SCD + CPR)
    Destination Clock Delay (DCD):    4.514ns
    Source Clock Delay      (SCD):    0.000ns
    Clock Pessimism Removal (CPR):    0.000ns
  Clock Uncertainty:      0.025ns  ((TSJ^2 + TIJ^2)^1/2 + DJ) / 2 + PE
    Total System Jitter     (TSJ):    0.050ns
    Total Input Jitter      (TIJ):    0.000ns
    Discrete Jitter          (DJ):    0.000ns
    Phase Error              (PE):    0.000ns

    Location             Delay type                Incr(ns)  Path(ns)    Netlist Resource(s)
  -------------------------------------------------------------------    -------------------
    P14                                               0.000     0.000 r  reset_n (IN)
                         net (fo=0)                   0.000     0.000    reset_n
    P14                  IBUF (Prop_ibuf_I_O)         1.434     1.434 r  reset_n_IBUF_inst/O
                         net (fo=1, routed)           0.877     2.310    gen_cnt.i_cnt/reset_n_IBUF
    SLICE_X112Y88        LUT1 (Prop_lut1_I0_O)        0.105     2.415 f  gen_cnt.i_cnt/cntr[0]_i_2/O
                         net (fo=26, routed)          0.837     3.253    gen_cnt.i_cnt/cntr[0]_i_2_n_0
    SLICE_X113Y84        FDCE                                         f  gen_cnt.i_cnt/cntr_reg[2]/CLR
  -------------------------------------------------------------------    -------------------

                         (clock clk rise edge)        0.000     0.000 r  
    N18                                               0.000     0.000 r  clk (IN)
                         net (fo=0)                   0.000     0.000    clk
    N18                  IBUF (Prop_ibuf_I_O)         1.327     1.327 r  clk_IBUF_inst/O
                         net (fo=1, routed)           1.701     3.028    clk_IBUF
    BUFGCTRL_X0Y16       BUFG (Prop_bufg_I_O)         0.077     3.105 r  clk_IBUF_BUFG_inst/O
                         net (fo=26, routed)          1.409     4.514    gen_cnt.i_cnt/clk
    SLICE_X113Y84        FDCE                                         r  gen_cnt.i_cnt/cntr_reg[2]/C

Slack:                    inf
  Source:                 reset_n
                            (input port)
  Destination:            gen_cnt.i_cnt/cntr_reg[3]/CLR
                            (recovery check against rising-edge clock clk  {rise@0.000ns fall@10.000ns period=20.000ns})
  Path Group:             (none)
  Path Type:              Recovery (Max at Slow Process Corner)
  Data Path Delay:        3.253ns  (logic 1.539ns (47.299%)  route 1.714ns (52.701%))
  Logic Levels:           2  (IBUF=1 LUT1=1)
  Clock Path Skew:        4.514ns (DCD - SCD + CPR)
    Destination Clock Delay (DCD):    4.514ns
    Source Clock Delay      (SCD):    0.000ns
    Clock Pessimism Removal (CPR):    0.000ns
  Clock Uncertainty:      0.025ns  ((TSJ^2 + TIJ^2)^1/2 + DJ) / 2 + PE
    Total System Jitter     (TSJ):    0.050ns
    Total Input Jitter      (TIJ):    0.000ns
    Discrete Jitter          (DJ):    0.000ns
    Phase Error              (PE):    0.000ns

    Location             Delay type                Incr(ns)  Path(ns)    Netlist Resource(s)
  -------------------------------------------------------------------    -------------------
    P14                                               0.000     0.000 r  reset_n (IN)
                         net (fo=0)                   0.000     0.000    reset_n
    P14                  IBUF (Prop_ibuf_I_O)         1.434     1.434 r  reset_n_IBUF_inst/O
                         net (fo=1, routed)           0.877     2.310    gen_cnt.i_cnt/reset_n_IBUF
    SLICE_X112Y88        LUT1 (Prop_lut1_I0_O)        0.105     2.415 f  gen_cnt.i_cnt/cntr[0]_i_2/O
                         net (fo=26, routed)          0.837     3.253    gen_cnt.i_cnt/cntr[0]_i_2_n_0
    SLICE_X113Y84        FDCE                                         f  gen_cnt.i_cnt/cntr_reg[3]/CLR
  -------------------------------------------------------------------    -------------------

                         (clock clk rise edge)        0.000     0.000 r  
    N18                                               0.000     0.000 r  clk (IN)
                         net (fo=0)                   0.000     0.000    clk
    N18                  IBUF (Prop_ibuf_I_O)         1.327     1.327 r  clk_IBUF_inst/O
                         net (fo=1, routed)           1.701     3.028    clk_IBUF
    BUFGCTRL_X0Y16       BUFG (Prop_bufg_I_O)         0.077     3.105 r  clk_IBUF_BUFG_inst/O
                         net (fo=26, routed)          1.409     4.514    gen_cnt.i_cnt/clk
    SLICE_X113Y84        FDCE                                         r  gen_cnt.i_cnt/cntr_reg[3]/C

Slack:                    inf
  Source:                 reset_n
                            (input port)
  Destination:            gen_cnt.i_cnt/cntr_reg[20]/CLR
                            (recovery check against rising-edge clock clk  {rise@0.000ns fall@10.000ns period=20.000ns})
  Path Group:             (none)
  Path Type:              Recovery (Max at Slow Process Corner)
  Data Path Delay:        3.152ns  (logic 1.539ns (48.813%)  route 1.613ns (51.187%))
  Logic Levels:           2  (IBUF=1 LUT1=1)
  Clock Path Skew:        4.518ns (DCD - SCD + CPR)
    Destination Clock Delay (DCD):    4.518ns
    Source Clock Delay      (SCD):    0.000ns
    Clock Pessimism Removal (CPR):    0.000ns
  Clock Uncertainty:      0.025ns  ((TSJ^2 + TIJ^2)^1/2 + DJ) / 2 + PE
    Total System Jitter     (TSJ):    0.050ns
    Total Input Jitter      (TIJ):    0.000ns
    Discrete Jitter          (DJ):    0.000ns
    Phase Error              (PE):    0.000ns

    Location             Delay type                Incr(ns)  Path(ns)    Netlist Resource(s)
  -------------------------------------------------------------------    -------------------
    P14                                               0.000     0.000 r  reset_n (IN)
                         net (fo=0)                   0.000     0.000    reset_n
    P14                  IBUF (Prop_ibuf_I_O)         1.434     1.434 r  reset_n_IBUF_inst/O
                         net (fo=1, routed)           0.877     2.310    gen_cnt.i_cnt/reset_n_IBUF
    SLICE_X112Y88        LUT1 (Prop_lut1_I0_O)        0.105     2.415 f  gen_cnt.i_cnt/cntr[0]_i_2/O
                         net (fo=26, routed)          0.737     3.152    gen_cnt.i_cnt/cntr[0]_i_2_n_0
    SLICE_X113Y89        FDCE                                         f  gen_cnt.i_cnt/cntr_reg[20]/CLR
  -------------------------------------------------------------------    -------------------

                         (clock clk rise edge)        0.000     0.000 r  
    N18                                               0.000     0.000 r  clk (IN)
                         net (fo=0)                   0.000     0.000    clk
    N18                  IBUF (Prop_ibuf_I_O)         1.327     1.327 r  clk_IBUF_inst/O
                         net (fo=1, routed)           1.701     3.028    clk_IBUF
    BUFGCTRL_X0Y16       BUFG (Prop_bufg_I_O)         0.077     3.105 r  clk_IBUF_BUFG_inst/O
                         net (fo=26, routed)          1.413     4.518    gen_cnt.i_cnt/clk
    SLICE_X113Y89        FDCE                                         r  gen_cnt.i_cnt/cntr_reg[20]/C

Slack:                    inf
  Source:                 reset_n
                            (input port)
  Destination:            gen_cnt.i_cnt/cntr_reg[21]/CLR
                            (recovery check against rising-edge clock clk  {rise@0.000ns fall@10.000ns period=20.000ns})
  Path Group:             (none)
  Path Type:              Recovery (Max at Slow Process Corner)
  Data Path Delay:        3.152ns  (logic 1.539ns (48.813%)  route 1.613ns (51.187%))
  Logic Levels:           2  (IBUF=1 LUT1=1)
  Clock Path Skew:        4.518ns (DCD - SCD + CPR)
    Destination Clock Delay (DCD):    4.518ns
    Source Clock Delay      (SCD):    0.000ns
    Clock Pessimism Removal (CPR):    0.000ns
  Clock Uncertainty:      0.025ns  ((TSJ^2 + TIJ^2)^1/2 + DJ) / 2 + PE
    Total System Jitter     (TSJ):    0.050ns
    Total Input Jitter      (TIJ):    0.000ns
    Discrete Jitter          (DJ):    0.000ns
    Phase Error              (PE):    0.000ns

    Location             Delay type                Incr(ns)  Path(ns)    Netlist Resource(s)
  -------------------------------------------------------------------    -------------------
    P14                                               0.000     0.000 r  reset_n (IN)
                         net (fo=0)                   0.000     0.000    reset_n
    P14                  IBUF (Prop_ibuf_I_O)         1.434     1.434 r  reset_n_IBUF_inst/O
                         net (fo=1, routed)           0.877     2.310    gen_cnt.i_cnt/reset_n_IBUF
    SLICE_X112Y88        LUT1 (Prop_lut1_I0_O)        0.105     2.415 f  gen_cnt.i_cnt/cntr[0]_i_2/O
                         net (fo=26, routed)          0.737     3.152    gen_cnt.i_cnt/cntr[0]_i_2_n_0
    SLICE_X113Y89        FDCE                                         f  gen_cnt.i_cnt/cntr_reg[21]/CLR
  -------------------------------------------------------------------    -------------------

                         (clock clk rise edge)        0.000     0.000 r  
    N18                                               0.000     0.000 r  clk (IN)
                         net (fo=0)                   0.000     0.000    clk
    N18                  IBUF (Prop_ibuf_I_O)         1.327     1.327 r  clk_IBUF_inst/O
                         net (fo=1, routed)           1.701     3.028    clk_IBUF
    BUFGCTRL_X0Y16       BUFG (Prop_bufg_I_O)         0.077     3.105 r  clk_IBUF_BUFG_inst/O
                         net (fo=26, routed)          1.413     4.518    gen_cnt.i_cnt/clk
    SLICE_X113Y89        FDCE                                         r  gen_cnt.i_cnt/cntr_reg[21]/C

Slack:                    inf
  Source:                 reset_n
                            (input port)
  Destination:            gen_cnt.i_cnt/cntr_reg[22]/CLR
                            (recovery check against rising-edge clock clk  {rise@0.000ns fall@10.000ns period=20.000ns})
  Path Group:             (none)
  Path Type:              Recovery (Max at Slow Process Corner)
  Data Path Delay:        3.152ns  (logic 1.539ns (48.813%)  route 1.613ns (51.187%))
  Logic Levels:           2  (IBUF=1 LUT1=1)
  Clock Path Skew:        4.518ns (DCD - SCD + CPR)
    Destination Clock Delay (DCD):    4.518ns
    Source Clock Delay      (SCD):    0.000ns
    Clock Pessimism Removal (CPR):    0.000ns
  Clock Uncertainty:      0.025ns  ((TSJ^2 + TIJ^2)^1/2 + DJ) / 2 + PE
    Total System Jitter     (TSJ):    0.050ns
    Total Input Jitter      (TIJ):    0.000ns
    Discrete Jitter          (DJ):    0.000ns
    Phase Error              (PE):    0.000ns

    Location             Delay type                Incr(ns)  Path(ns)    Netlist Resource(s)
  -------------------------------------------------------------------    -------------------
    P14                                               0.000     0.000 r  reset_n (IN)
                         net (fo=0)                   0.000     0.000    reset_n
    P14                  IBUF (Prop_ibuf_I_O)         1.434     1.434 r  reset_n_IBUF_inst/O
                         net (fo=1, routed)           0.877     2.310    gen_cnt.i_cnt/reset_n_IBUF
    SLICE_X112Y88        LUT1 (Prop_lut1_I0_O)        0.105     2.415 f  gen_cnt.i_cnt/cntr[0]_i_2/O
                         net (fo=26, routed)          0.737     3.152    gen_cnt.i_cnt/cntr[0]_i_2_n_0
    SLICE_X113Y89        FDCE                                         f  gen_cnt.i_cnt/cntr_reg[22]/CLR
  -------------------------------------------------------------------    -------------------

                         (clock clk rise edge)        0.000     0.000 r  
    N18                                               0.000     0.000 r  clk (IN)
                         net (fo=0)                   0.000     0.000    clk
    N18                  IBUF (Prop_ibuf_I_O)         1.327     1.327 r  clk_IBUF_inst/O
                         net (fo=1, routed)           1.701     3.028    clk_IBUF
    BUFGCTRL_X0Y16       BUFG (Prop_bufg_I_O)         0.077     3.105 r  clk_IBUF_BUFG_inst/O
                         net (fo=26, routed)          1.413     4.518    gen_cnt.i_cnt/clk
    SLICE_X113Y89        FDCE                                         r  gen_cnt.i_cnt/cntr_reg[22]/C

Slack:                    inf
  Source:                 reset_n
                            (input port)
  Destination:            gen_cnt.i_cnt/cntr_reg[23]/CLR
                            (recovery check against rising-edge clock clk  {rise@0.000ns fall@10.000ns period=20.000ns})
  Path Group:             (none)
  Path Type:              Recovery (Max at Slow Process Corner)
  Data Path Delay:        3.152ns  (logic 1.539ns (48.813%)  route 1.613ns (51.187%))
  Logic Levels:           2  (IBUF=1 LUT1=1)
  Clock Path Skew:        4.518ns (DCD - SCD + CPR)
    Destination Clock Delay (DCD):    4.518ns
    Source Clock Delay      (SCD):    0.000ns
    Clock Pessimism Removal (CPR):    0.000ns
  Clock Uncertainty:      0.025ns  ((TSJ^2 + TIJ^2)^1/2 + DJ) / 2 + PE
    Total System Jitter     (TSJ):    0.050ns
    Total Input Jitter      (TIJ):    0.000ns
    Discrete Jitter          (DJ):    0.000ns
    Phase Error              (PE):    0.000ns

    Location             Delay type                Incr(ns)  Path(ns)    Netlist Resource(s)
  -------------------------------------------------------------------    -------------------
    P14                                               0.000     0.000 r  reset_n (IN)
                         net (fo=0)                   0.000     0.000    reset_n
    P14                  IBUF (Prop_ibuf_I_O)         1.434     1.434 r  reset_n_IBUF_inst/O
                         net (fo=1, routed)           0.877     2.310    gen_cnt.i_cnt/reset_n_IBUF
    SLICE_X112Y88        LUT1 (Prop_lut1_I0_O)        0.105     2.415 f  gen_cnt.i_cnt/cntr[0]_i_2/O
                         net (fo=26, routed)          0.737     3.152    gen_cnt.i_cnt/cntr[0]_i_2_n_0
    SLICE_X113Y89        FDCE                                         f  gen_cnt.i_cnt/cntr_reg[23]/CLR
  -------------------------------------------------------------------    -------------------

                         (clock clk rise edge)        0.000     0.000 r  
    N18                                               0.000     0.000 r  clk (IN)
                         net (fo=0)                   0.000     0.000    clk
    N18                  IBUF (Prop_ibuf_I_O)         1.327     1.327 r  clk_IBUF_inst/O
                         net (fo=1, routed)           1.701     3.028    clk_IBUF
    BUFGCTRL_X0Y16       BUFG (Prop_bufg_I_O)         0.077     3.105 r  clk_IBUF_BUFG_inst/O
                         net (fo=26, routed)          1.413     4.518    gen_cnt.i_cnt/clk
    SLICE_X113Y89        FDCE                                         r  gen_cnt.i_cnt/cntr_reg[23]/C





Min Delay Paths
--------------------------------------------------------------------------------------
Slack:                    inf
  Source:                 reset_n
                            (input port)
  Destination:            gen_cnt.i_cnt/cntr_reg[12]/CLR
                            (removal check against rising-edge clock clk  {rise@0.000ns fall@10.000ns period=20.000ns})
  Path Group:             (none)
  Path Type:              Removal (Min at Fast Process Corner)
  Data Path Delay:        0.931ns  (logic 0.315ns (33.853%)  route 0.616ns (66.147%))
  Logic Levels:           2  (IBUF=1 LUT1=1)
  Clock Path Skew:        2.081ns (DCD - SCD - CPR)
    Destination Clock Delay (DCD):    2.081ns
    Source Clock Delay      (SCD):    0.000ns
    Clock Pessimism Removal (CPR):    -0.000ns

    Location             Delay type                Incr(ns)  Path(ns)    Netlist Resource(s)
  -------------------------------------------------------------------    -------------------
    P14                                               0.000     0.000 r  reset_n (IN)
                         net (fo=0)                   0.000     0.000    reset_n
    P14                  IBUF (Prop_ibuf_I_O)         0.270     0.270 r  reset_n_IBUF_inst/O
                         net (fo=1, routed)           0.396     0.666    gen_cnt.i_cnt/reset_n_IBUF
    SLICE_X112Y88        LUT1 (Prop_lut1_I0_O)        0.045     0.711 f  gen_cnt.i_cnt/cntr[0]_i_2/O
                         net (fo=26, routed)          0.220     0.931    gen_cnt.i_cnt/cntr[0]_i_2_n_0
    SLICE_X113Y87        FDCE                                         f  gen_cnt.i_cnt/cntr_reg[12]/CLR
  -------------------------------------------------------------------    -------------------

                         (clock clk rise edge)        0.000     0.000 r  
    N18                                               0.000     0.000 r  clk (IN)
                         net (fo=0)                   0.000     0.000    clk
    N18                  IBUF (Prop_ibuf_I_O)         0.417     0.417 r  clk_IBUF_inst/O
                         net (fo=1, routed)           0.731     1.148    clk_IBUF
    BUFGCTRL_X0Y16       BUFG (Prop_bufg_I_O)         0.029     1.177 r  clk_IBUF_BUFG_inst/O
                         net (fo=26, routed)          0.904     2.081    gen_cnt.i_cnt/clk
    SLICE_X113Y87        FDCE                                         r  gen_cnt.i_cnt/cntr_reg[12]/C

Slack:                    inf
  Source:                 reset_n
                            (input port)
  Destination:            gen_cnt.i_cnt/cntr_reg[13]/CLR
                            (removal check against rising-edge clock clk  {rise@0.000ns fall@10.000ns period=20.000ns})
  Path Group:             (none)
  Path Type:              Removal (Min at Fast Process Corner)
  Data Path Delay:        0.931ns  (logic 0.315ns (33.853%)  route 0.616ns (66.147%))
  Logic Levels:           2  (IBUF=1 LUT1=1)
  Clock Path Skew:        2.081ns (DCD - SCD - CPR)
    Destination Clock Delay (DCD):    2.081ns
    Source Clock Delay      (SCD):    0.000ns
    Clock Pessimism Removal (CPR):    -0.000ns

    Location             Delay type                Incr(ns)  Path(ns)    Netlist Resource(s)
  -------------------------------------------------------------------    -------------------
    P14                                               0.000     0.000 r  reset_n (IN)
                         net (fo=0)                   0.000     0.000    reset_n
    P14                  IBUF (Prop_ibuf_I_O)         0.270     0.270 r  reset_n_IBUF_inst/O
                         net (fo=1, routed)           0.396     0.666    gen_cnt.i_cnt/reset_n_IBUF
    SLICE_X112Y88        LUT1 (Prop_lut1_I0_O)        0.045     0.711 f  gen_cnt.i_cnt/cntr[0]_i_2/O
                         net (fo=26, routed)          0.220     0.931    gen_cnt.i_cnt/cntr[0]_i_2_n_0
    SLICE_X113Y87        FDCE                                         f  gen_cnt.i_cnt/cntr_reg[13]/CLR
  -------------------------------------------------------------------    -------------------

                         (clock clk rise edge)        0.000     0.000 r  
    N18                                               0.000     0.000 r  clk (IN)
                         net (fo=0)                   0.000     0.000    clk
    N18                  IBUF (Prop_ibuf_I_O)         0.417     0.417 r  clk_IBUF_inst/O
                         net (fo=1, routed)           0.731     1.148    clk_IBUF
    BUFGCTRL_X0Y16       BUFG (Prop_bufg_I_O)         0.029     1.177 r  clk_IBUF_BUFG_inst/O
                         net (fo=26, routed)          0.904     2.081    gen_cnt.i_cnt/clk
    SLICE_X113Y87        FDCE                                         r  gen_cnt.i_cnt/cntr_reg[13]/C

Slack:                    inf
  Source:                 reset_n
                            (input port)
  Destination:            gen_cnt.i_cnt/cntr_reg[14]/CLR
                            (removal check against rising-edge clock clk  {rise@0.000ns fall@10.000ns period=20.000ns})
  Path Group:             (none)
  Path Type:              Removal (Min at Fast Process Corner)
  Data Path Delay:        0.931ns  (logic 0.315ns (33.853%)  route 0.616ns (66.147%))
  Logic Levels:           2  (IBUF=1 LUT1=1)
  Clock Path Skew:        2.081ns (DCD - SCD - CPR)
    Destination Clock Delay (DCD):    2.081ns
    Source Clock Delay      (SCD):    0.000ns
    Clock Pessimism Removal (CPR):    -0.000ns

    Location             Delay type                Incr(ns)  Path(ns)    Netlist Resource(s)
  -------------------------------------------------------------------    -------------------
    P14                                               0.000     0.000 r  reset_n (IN)
                         net (fo=0)                   0.000     0.000    reset_n
    P14                  IBUF (Prop_ibuf_I_O)         0.270     0.270 r  reset_n_IBUF_inst/O
                         net (fo=1, routed)           0.396     0.666    gen_cnt.i_cnt/reset_n_IBUF
    SLICE_X112Y88        LUT1 (Prop_lut1_I0_O)        0.045     0.711 f  gen_cnt.i_cnt/cntr[0]_i_2/O
                         net (fo=26, routed)          0.220     0.931    gen_cnt.i_cnt/cntr[0]_i_2_n_0
    SLICE_X113Y87        FDCE                                         f  gen_cnt.i_cnt/cntr_reg[14]/CLR
  -------------------------------------------------------------------    -------------------

                         (clock clk rise edge)        0.000     0.000 r  
    N18                                               0.000     0.000 r  clk (IN)
                         net (fo=0)                   0.000     0.000    clk
    N18                  IBUF (Prop_ibuf_I_O)         0.417     0.417 r  clk_IBUF_inst/O
                         net (fo=1, routed)           0.731     1.148    clk_IBUF
    BUFGCTRL_X0Y16       BUFG (Prop_bufg_I_O)         0.029     1.177 r  clk_IBUF_BUFG_inst/O
                         net (fo=26, routed)          0.904     2.081    gen_cnt.i_cnt/clk
    SLICE_X113Y87        FDCE                                         r  gen_cnt.i_cnt/cntr_reg[14]/C

Slack:                    inf
  Source:                 reset_n
                            (input port)
  Destination:            gen_cnt.i_cnt/cntr_reg[15]/CLR
                            (removal check against rising-edge clock clk  {rise@0.000ns fall@10.000ns period=20.000ns})
  Path Group:             (none)
  Path Type:              Removal (Min at Fast Process Corner)
  Data Path Delay:        0.931ns  (logic 0.315ns (33.853%)  route 0.616ns (66.147%))
  Logic Levels:           2  (IBUF=1 LUT1=1)
  Clock Path Skew:        2.081ns (DCD - SCD - CPR)
    Destination Clock Delay (DCD):    2.081ns
    Source Clock Delay      (SCD):    0.000ns
    Clock Pessimism Removal (CPR):    -0.000ns

    Location             Delay type                Incr(ns)  Path(ns)    Netlist Resource(s)
  -------------------------------------------------------------------    -------------------
    P14                                               0.000     0.000 r  reset_n (IN)
                         net (fo=0)                   0.000     0.000    reset_n
    P14                  IBUF (Prop_ibuf_I_O)         0.270     0.270 r  reset_n_IBUF_inst/O
                         net (fo=1, routed)           0.396     0.666    gen_cnt.i_cnt/reset_n_IBUF
    SLICE_X112Y88        LUT1 (Prop_lut1_I0_O)        0.045     0.711 f  gen_cnt.i_cnt/cntr[0]_i_2/O
                         net (fo=26, routed)          0.220     0.931    gen_cnt.i_cnt/cntr[0]_i_2_n_0
    SLICE_X113Y87        FDCE                                         f  gen_cnt.i_cnt/cntr_reg[15]/CLR
  -------------------------------------------------------------------    -------------------

                         (clock clk rise edge)        0.000     0.000 r  
    N18                                               0.000     0.000 r  clk (IN)
                         net (fo=0)                   0.000     0.000    clk
    N18                  IBUF (Prop_ibuf_I_O)         0.417     0.417 r  clk_IBUF_inst/O
                         net (fo=1, routed)           0.731     1.148    clk_IBUF
    BUFGCTRL_X0Y16       BUFG (Prop_bufg_I_O)         0.029     1.177 r  clk_IBUF_BUFG_inst/O
                         net (fo=26, routed)          0.904     2.081    gen_cnt.i_cnt/clk
    SLICE_X113Y87        FDCE                                         r  gen_cnt.i_cnt/cntr_reg[15]/C

Slack:                    inf
  Source:                 reset_n
                            (input port)
  Destination:            gen_cnt.i_cnt/cntr_reg[10]/CLR
                            (removal check against rising-edge clock clk  {rise@0.000ns fall@10.000ns period=20.000ns})
  Path Group:             (none)
  Path Type:              Removal (Min at Fast Process Corner)
  Data Path Delay:        0.984ns  (logic 0.315ns (32.034%)  route 0.669ns (67.966%))
  Logic Levels:           2  (IBUF=1 LUT1=1)
  Clock Path Skew:        2.080ns (DCD - SCD - CPR)
    Destination Clock Delay (DCD):    2.080ns
    Source Clock Delay      (SCD):    0.000ns
    Clock Pessimism Removal (CPR):    -0.000ns

    Location             Delay type                Incr(ns)  Path(ns)    Netlist Resource(s)
  -------------------------------------------------------------------    -------------------
    P14                                               0.000     0.000 r  reset_n (IN)
                         net (fo=0)                   0.000     0.000    reset_n
    P14                  IBUF (Prop_ibuf_I_O)         0.270     0.270 r  reset_n_IBUF_inst/O
                         net (fo=1, routed)           0.396     0.666    gen_cnt.i_cnt/reset_n_IBUF
    SLICE_X112Y88        LUT1 (Prop_lut1_I0_O)        0.045     0.711 f  gen_cnt.i_cnt/cntr[0]_i_2/O
                         net (fo=26, routed)          0.273     0.984    gen_cnt.i_cnt/cntr[0]_i_2_n_0
    SLICE_X113Y86        FDCE                                         f  gen_cnt.i_cnt/cntr_reg[10]/CLR
  -------------------------------------------------------------------    -------------------

                         (clock clk rise edge)        0.000     0.000 r  
    N18                                               0.000     0.000 r  clk (IN)
                         net (fo=0)                   0.000     0.000    clk
    N18                  IBUF (Prop_ibuf_I_O)         0.417     0.417 r  clk_IBUF_inst/O
                         net (fo=1, routed)           0.731     1.148    clk_IBUF
    BUFGCTRL_X0Y16       BUFG (Prop_bufg_I_O)         0.029     1.177 r  clk_IBUF_BUFG_inst/O
                         net (fo=26, routed)          0.903     2.080    gen_cnt.i_cnt/clk
    SLICE_X113Y86        FDCE                                         r  gen_cnt.i_cnt/cntr_reg[10]/C

Slack:                    inf
  Source:                 reset_n
                            (input port)
  Destination:            gen_cnt.i_cnt/cntr_reg[11]/CLR
                            (removal check against rising-edge clock clk  {rise@0.000ns fall@10.000ns period=20.000ns})
  Path Group:             (none)
  Path Type:              Removal (Min at Fast Process Corner)
  Data Path Delay:        0.984ns  (logic 0.315ns (32.034%)  route 0.669ns (67.966%))
  Logic Levels:           2  (IBUF=1 LUT1=1)
  Clock Path Skew:        2.080ns (DCD - SCD - CPR)
    Destination Clock Delay (DCD):    2.080ns
    Source Clock Delay      (SCD):    0.000ns
    Clock Pessimism Removal (CPR):    -0.000ns

    Location             Delay type                Incr(ns)  Path(ns)    Netlist Resource(s)
  -------------------------------------------------------------------    -------------------
    P14                                               0.000     0.000 r  reset_n (IN)
                         net (fo=0)                   0.000     0.000    reset_n
    P14                  IBUF (Prop_ibuf_I_O)         0.270     0.270 r  reset_n_IBUF_inst/O
                         net (fo=1, routed)           0.396     0.666    gen_cnt.i_cnt/reset_n_IBUF
    SLICE_X112Y88        LUT1 (Prop_lut1_I0_O)        0.045     0.711 f  gen_cnt.i_cnt/cntr[0]_i_2/O
                         net (fo=26, routed)          0.273     0.984    gen_cnt.i_cnt/cntr[0]_i_2_n_0
    SLICE_X113Y86        FDCE                                         f  gen_cnt.i_cnt/cntr_reg[11]/CLR
  -------------------------------------------------------------------    -------------------

                         (clock clk rise edge)        0.000     0.000 r  
    N18                                               0.000     0.000 r  clk (IN)
                         net (fo=0)                   0.000     0.000    clk
    N18                  IBUF (Prop_ibuf_I_O)         0.417     0.417 r  clk_IBUF_inst/O
                         net (fo=1, routed)           0.731     1.148    clk_IBUF
    BUFGCTRL_X0Y16       BUFG (Prop_bufg_I_O)         0.029     1.177 r  clk_IBUF_BUFG_inst/O
                         net (fo=26, routed)          0.903     2.080    gen_cnt.i_cnt/clk
    SLICE_X113Y86        FDCE                                         r  gen_cnt.i_cnt/cntr_reg[11]/C

Slack:                    inf
  Source:                 reset_n
                            (input port)
  Destination:            gen_cnt.i_cnt/cntr_reg[8]/CLR
                            (removal check against rising-edge clock clk  {rise@0.000ns fall@10.000ns period=20.000ns})
  Path Group:             (none)
  Path Type:              Removal (Min at Fast Process Corner)
  Data Path Delay:        0.984ns  (logic 0.315ns (32.034%)  route 0.669ns (67.966%))
  Logic Levels:           2  (IBUF=1 LUT1=1)
  Clock Path Skew:        2.080ns (DCD - SCD - CPR)
    Destination Clock Delay (DCD):    2.080ns
    Source Clock Delay      (SCD):    0.000ns
    Clock Pessimism Removal (CPR):    -0.000ns

    Location             Delay type                Incr(ns)  Path(ns)    Netlist Resource(s)
  -------------------------------------------------------------------    -------------------
    P14                                               0.000     0.000 r  reset_n (IN)
                         net (fo=0)                   0.000     0.000    reset_n
    P14                  IBUF (Prop_ibuf_I_O)         0.270     0.270 r  reset_n_IBUF_inst/O
                         net (fo=1, routed)           0.396     0.666    gen_cnt.i_cnt/reset_n_IBUF
    SLICE_X112Y88        LUT1 (Prop_lut1_I0_O)        0.045     0.711 f  gen_cnt.i_cnt/cntr[0]_i_2/O
                         net (fo=26, routed)          0.273     0.984    gen_cnt.i_cnt/cntr[0]_i_2_n_0
    SLICE_X113Y86        FDCE                                         f  gen_cnt.i_cnt/cntr_reg[8]/CLR
  -------------------------------------------------------------------    -------------------

                         (clock clk rise edge)        0.000     0.000 r  
    N18                                               0.000     0.000 r  clk (IN)
                         net (fo=0)                   0.000     0.000    clk
    N18                  IBUF (Prop_ibuf_I_O)         0.417     0.417 r  clk_IBUF_inst/O
                         net (fo=1, routed)           0.731     1.148    clk_IBUF
    BUFGCTRL_X0Y16       BUFG (Prop_bufg_I_O)         0.029     1.177 r  clk_IBUF_BUFG_inst/O
                         net (fo=26, routed)          0.903     2.080    gen_cnt.i_cnt/clk
    SLICE_X113Y86        FDCE                                         r  gen_cnt.i_cnt/cntr_reg[8]/C

Slack:                    inf
  Source:                 reset_n
                            (input port)
  Destination:            gen_cnt.i_cnt/cntr_reg[9]/CLR
                            (removal check against rising-edge clock clk  {rise@0.000ns fall@10.000ns period=20.000ns})
  Path Group:             (none)
  Path Type:              Removal (Min at Fast Process Corner)
  Data Path Delay:        0.984ns  (logic 0.315ns (32.034%)  route 0.669ns (67.966%))
  Logic Levels:           2  (IBUF=1 LUT1=1)
  Clock Path Skew:        2.080ns (DCD - SCD - CPR)
    Destination Clock Delay (DCD):    2.080ns
    Source Clock Delay      (SCD):    0.000ns
    Clock Pessimism Removal (CPR):    -0.000ns

    Location             Delay type                Incr(ns)  Path(ns)    Netlist Resource(s)
  -------------------------------------------------------------------    -------------------
    P14                                               0.000     0.000 r  reset_n (IN)
                         net (fo=0)                   0.000     0.000    reset_n
    P14                  IBUF (Prop_ibuf_I_O)         0.270     0.270 r  reset_n_IBUF_inst/O
                         net (fo=1, routed)           0.396     0.666    gen_cnt.i_cnt/reset_n_IBUF
    SLICE_X112Y88        LUT1 (Prop_lut1_I0_O)        0.045     0.711 f  gen_cnt.i_cnt/cntr[0]_i_2/O
                         net (fo=26, routed)          0.273     0.984    gen_cnt.i_cnt/cntr[0]_i_2_n_0
    SLICE_X113Y86        FDCE                                         f  gen_cnt.i_cnt/cntr_reg[9]/CLR
  -------------------------------------------------------------------    -------------------

                         (clock clk rise edge)        0.000     0.000 r  
    N18                                               0.000     0.000 r  clk (IN)
                         net (fo=0)                   0.000     0.000    clk
    N18                  IBUF (Prop_ibuf_I_O)         0.417     0.417 r  clk_IBUF_inst/O
                         net (fo=1, routed)           0.731     1.148    clk_IBUF
    BUFGCTRL_X0Y16       BUFG (Prop_bufg_I_O)         0.029     1.177 r  clk_IBUF_BUFG_inst/O
                         net (fo=26, routed)          0.903     2.080    gen_cnt.i_cnt/clk
    SLICE_X113Y86        FDCE                                         r  gen_cnt.i_cnt/cntr_reg[9]/C

Slack:                    inf
  Source:                 reset_n
                            (input port)
  Destination:            gen_cnt.i_cnt/cntr_reg[16]/CLR
                            (removal check against rising-edge clock clk  {rise@0.000ns fall@10.000ns period=20.000ns})
  Path Group:             (none)
  Path Type:              Removal (Min at Fast Process Corner)
  Data Path Delay:        0.992ns  (logic 0.315ns (31.763%)  route 0.677ns (68.237%))
  Logic Levels:           2  (IBUF=1 LUT1=1)
  Clock Path Skew:        2.083ns (DCD - SCD - CPR)
    Destination Clock Delay (DCD):    2.083ns
    Source Clock Delay      (SCD):    0.000ns
    Clock Pessimism Removal (CPR):    -0.000ns

    Location             Delay type                Incr(ns)  Path(ns)    Netlist Resource(s)
  -------------------------------------------------------------------    -------------------
    P14                                               0.000     0.000 r  reset_n (IN)
                         net (fo=0)                   0.000     0.000    reset_n
    P14                  IBUF (Prop_ibuf_I_O)         0.270     0.270 r  reset_n_IBUF_inst/O
                         net (fo=1, routed)           0.396     0.666    gen_cnt.i_cnt/reset_n_IBUF
    SLICE_X112Y88        LUT1 (Prop_lut1_I0_O)        0.045     0.711 f  gen_cnt.i_cnt/cntr[0]_i_2/O
                         net (fo=26, routed)          0.281     0.992    gen_cnt.i_cnt/cntr[0]_i_2_n_0
    SLICE_X113Y88        FDCE                                         f  gen_cnt.i_cnt/cntr_reg[16]/CLR
  -------------------------------------------------------------------    -------------------

                         (clock clk rise edge)        0.000     0.000 r  
    N18                                               0.000     0.000 r  clk (IN)
                         net (fo=0)                   0.000     0.000    clk
    N18                  IBUF (Prop_ibuf_I_O)         0.417     0.417 r  clk_IBUF_inst/O
                         net (fo=1, routed)           0.731     1.148    clk_IBUF
    BUFGCTRL_X0Y16       BUFG (Prop_bufg_I_O)         0.029     1.177 r  clk_IBUF_BUFG_inst/O
                         net (fo=26, routed)          0.906     2.083    gen_cnt.i_cnt/clk
    SLICE_X113Y88        FDCE                                         r  gen_cnt.i_cnt/cntr_reg[16]/C

Slack:                    inf
  Source:                 reset_n
                            (input port)
  Destination:            gen_cnt.i_cnt/cntr_reg[17]/CLR
                            (removal check against rising-edge clock clk  {rise@0.000ns fall@10.000ns period=20.000ns})
  Path Group:             (none)
  Path Type:              Removal (Min at Fast Process Corner)
  Data Path Delay:        0.992ns  (logic 0.315ns (31.763%)  route 0.677ns (68.237%))
  Logic Levels:           2  (IBUF=1 LUT1=1)
  Clock Path Skew:        2.083ns (DCD - SCD - CPR)
    Destination Clock Delay (DCD):    2.083ns
    Source Clock Delay      (SCD):    0.000ns
    Clock Pessimism Removal (CPR):    -0.000ns

    Location             Delay type                Incr(ns)  Path(ns)    Netlist Resource(s)
  -------------------------------------------------------------------    -------------------
    P14                                               0.000     0.000 r  reset_n (IN)
                         net (fo=0)                   0.000     0.000    reset_n
    P14                  IBUF (Prop_ibuf_I_O)         0.270     0.270 r  reset_n_IBUF_inst/O
                         net (fo=1, routed)           0.396     0.666    gen_cnt.i_cnt/reset_n_IBUF
    SLICE_X112Y88        LUT1 (Prop_lut1_I0_O)        0.045     0.711 f  gen_cnt.i_cnt/cntr[0]_i_2/O
                         net (fo=26, routed)          0.281     0.992    gen_cnt.i_cnt/cntr[0]_i_2_n_0
    SLICE_X113Y88        FDCE                                         f  gen_cnt.i_cnt/cntr_reg[17]/CLR
  -------------------------------------------------------------------    -------------------

                         (clock clk rise edge)        0.000     0.000 r  
    N18                                               0.000     0.000 r  clk (IN)
                         net (fo=0)                   0.000     0.000    clk
    N18                  IBUF (Prop_ibuf_I_O)         0.417     0.417 r  clk_IBUF_inst/O
                         net (fo=1, routed)           0.731     1.148    clk_IBUF
    BUFGCTRL_X0Y16       BUFG (Prop_bufg_I_O)         0.029     1.177 r  clk_IBUF_BUFG_inst/O
                         net (fo=26, routed)          0.906     2.083    gen_cnt.i_cnt/clk
    SLICE_X113Y88        FDCE                                         r  gen_cnt.i_cnt/cntr_reg[17]/C





